Pair,Strategy,Factor,Bucket,Trades,WinRate%,Exp(R),PF,Stable_Years%,Valid_Sample,Yearly_Exp_R
EURUSD,TF_PB,atr_bucket,80-100% (Highest),23,47.83,0.306,1.16,33.3,False,"{np.int64(2023): -0.13, np.int64(2024): 0.576, np.int64(2025): -0.115, np.int64(2026): None}"
EURUSD,TF_PB,atr_bucket,40-60% (Mid),145,31.72,-0.211,0.75,25.0,True,"{np.int64(2023): 0.299, np.int64(2024): -0.433, np.int64(2025): -0.171, np.int64(2026): -0.572}"
EURUSD,TF_PB,atr_bucket,20-40% (Low),237,32.91,-0.24,0.75,0.0,True,"{np.int64(2023): -0.188, np.int64(2024): -0.36, np.int64(2025): -0.04, np.int64(2026): -0.488}"
EURUSD,TF_PB,atr_bucket,60-80% (High),62,22.58,-0.519,0.47,0.0,True,"{np.int64(2023): -0.857, np.int64(2024): -0.549, np.int64(2025): -0.116, np.int64(2026): -0.42}"
EURUSD,TF_PB,atr_bucket,0-20% (Lowest),212,25.0,-0.584,0.47,0.0,True,"{np.int64(2023): -0.542, np.int64(2024): -0.758, np.int64(2025): -0.397, np.int64(2026): -0.613}"
EURUSD,TF_PB,adx_bucket,Medium (18-28),212,33.02,-0.268,0.73,25.0,True,"{np.int64(2023): -0.208, np.int64(2024): -0.435, np.int64(2025): 0.002, np.int64(2026): -0.389}"
EURUSD,TF_PB,adx_bucket,High (>28),467,28.27,-0.385,0.64,0.0,True,"{np.int64(2023): -0.326, np.int64(2024): -0.542, np.int64(2025): -0.235, np.int64(2026): -0.528}"
EURUSD,TF_PB,trend_regime,STRONG_BULL,198,32.32,-0.26,0.74,0.0,True,"{np.int64(2023): -0.175, np.int64(2024): -0.248, np.int64(2025): -0.257, np.int64(2026): -0.439}"
EURUSD,TF_PB,trend_regime,WEAK_BULL,160,32.5,-0.286,0.73,25.0,True,"{np.int64(2023): -0.416, np.int64(2024): -0.632, np.int64(2025): -0.048, np.int64(2026): 0.038}"
EURUSD,TF_PB,trend_regime,STRONG_BEAR,172,30.81,-0.317,0.68,0.0,True,"{np.int64(2023): -0.157, np.int64(2024): -0.849, np.int64(2025): -0.008, np.int64(2026): -0.325}"
EURUSD,TF_PB,trend_regime,WEAK_BEAR,149,22.15,-0.568,0.48,0.0,True,"{np.int64(2023): -0.485, np.int64(2024): -0.292, np.int64(2025): -0.437, np.int64(2026): -1.034}"
EURUSD,TF_PB,vol_regime,HIGH_VOL,28,42.86,0.162,0.97,75.0,True,"{np.int64(2023): 0.169, np.int64(2024): 0.364, np.int64(2025): -0.263, np.int64(2026): 0.382}"
EURUSD,TF_PB,vol_regime,EXPANSION,6,33.33,-0.176,0.61,0.0,False,"{np.int64(2023): None, np.int64(2024): None, np.int64(2025): None, np.int64(2026): None}"
EURUSD,TF_PB,vol_regime,NORMAL_VOL,218,28.9,-0.315,0.7,0.0,True,"{np.int64(2023): -0.327, np.int64(2024): -0.421, np.int64(2025): -0.11, np.int64(2026): -0.496}"
EURUSD,TF_PB,vol_regime,LOW_VOL,375,29.6,-0.382,0.63,0.0,True,"{np.int64(2023): -0.288, np.int64(2024): -0.552, np.int64(2025): -0.128, np.int64(2026): -0.694}"
EURUSD,TF_PB,vol_regime,CONTRACTION,52,26.92,-0.536,0.41,25.0,True,"{np.int64(2023): -0.519, np.int64(2024): -0.744, np.int64(2025): -0.765, np.int64(2026): 0.041}"
EURUSD,TF_PB,combined_regime,STRONG_BEAR__EXPANSION,3,66.67,0.832,1.7,0.0,False,"{np.int64(2023): None, np.int64(2024): None, np.int64(2025): None, np.int64(2026): None}"
EURUSD,TF_PB,combined_regime,WEAK_BULL__HIGH_VOL,5,60.0,0.664,2.44,0.0,False,"{np.int64(2023): None, np.int64(2024): None, np.int64(2025): None, np.int64(2026): None}"
EURUSD,TF_PB,combined_regime,STRONG_BULL__HIGH_VOL,9,44.44,0.219,0.88,0.0,False,"{np.int64(2023): None, np.int64(2024): None, np.int64(2025): None, np.int64(2026): None}"
EURUSD,TF_PB,combined_regime,STRONG_BEAR__HIGH_VOL,11,36.36,-0.037,0.83,0.0,False,"{np.int64(2023): None, np.int64(2024): None, np.int64(2025): None, np.int64(2026): None}"
EURUSD,TF_PB,combined_regime,WEAK_BEAR__HIGH_VOL,3,33.33,-0.114,0.47,0.0,False,"{np.int64(2023): None, np.int64(2024): None, np.int64(2025): None, np.int64(2026): None}"
EURUSD,TF_PB,combined_regime,STRONG_BULL__NORMAL_VOL,78,32.05,-0.216,0.76,0.0,True,"{np.int64(2023): -0.177, np.int64(2024): -0.092, np.int64(2025): -0.274, np.int64(2026): -0.279}"
EURUSD,TF_PB,combined_regime,STRONG_BULL__LOW_VOL,100,35.0,-0.225,0.81,25.0,True,"{np.int64(2023): 0.199, np.int64(2024): -0.315, np.int64(2025): -0.262, np.int64(2026): -0.622}"
EURUSD,TF_PB,combined_regime,WEAK_BEAR__CONTRACTION,11,36.36,-0.244,0.53,0.0,False,"{np.int64(2023): None, np.int64(2024): None, np.int64(2025): None, np.int64(2026): None}"
EURUSD,TF_PB,combined_regime,WEAK_BULL__LOW_VOL,99,32.32,-0.306,0.63,25.0,True,"{np.int64(2023): -0.392, np.int64(2024): -0.531, np.int64(2025): 0.01, np.int64(2026): -0.4}"
EURUSD,TF_PB,combined_regime,WEAK_BULL__CONTRACTION,20,35.0,-0.318,0.68,50.0,False,"{np.int64(2023): None, np.int64(2024): -0.717, np.int64(2025): None, np.int64(2026): 0.405}"
EURUSD,TF_PB,combined_regime,WEAK_BULL__NORMAL_VOL,35,28.57,-0.321,0.84,50.0,True,"{np.int64(2023): -0.654, np.int64(2024): -1.224, np.int64(2025): 0.038, np.int64(2026): 0.099}"
EURUSD,TF_PB,combined_regime,STRONG_BEAR__NORMAL_VOL,62,29.03,-0.321,0.66,25.0,True,"{np.int64(2023): -0.603, np.int64(2024): -0.391, np.int64(2025): 0.032, np.int64(2026): -0.501}"
EURUSD,TF_PB,combined_regime,STRONG_BEAR__LOW_VOL,84,30.95,-0.353,0.66,25.0,True,"{np.int64(2023): -0.254, np.int64(2024): -1.035, np.int64(2025): 0.308, np.int64(2026): -0.625}"
EURUSD,TF_PB,combined_regime,WEAK_BEAR__NORMAL_VOL,43,23.26,-0.48,0.56,0.0,True,"{np.int64(2023): -0.171, np.int64(2024): -0.374, np.int64(2025): -0.178, np.int64(2026): -1.251}"
EURUSD,TF_PB,combined_regime,STRONG_BEAR__CONTRACTION,12,25.0,-0.591,0.37,0.0,False,"{np.int64(2023): None, np.int64(2024): None, np.int64(2025): None, np.int64(2026): None}"
EURUSD,TF_PB,combined_regime,WEAK_BEAR__LOW_VOL,92,19.57,-0.663,0.43,0.0,True,"{np.int64(2023): -0.652, np.int64(2024): -0.488, np.int64(2025): -0.567, np.int64(2026): -0.908}"
EURUSD,TF_PB,combined_regime,WEAK_BULL__EXPANSION,1,0.0,-1.117,0.0,0.0,False,"{np.int64(2023): None, np.int64(2024): None, np.int64(2025): None, np.int64(2026): None}"
EURUSD,TF_PB,combined_regime,STRONG_BULL__EXPANSION,2,0.0,-1.218,0.0,0.0,False,"{np.int64(2023): None, np.int64(2024): None, np.int64(2025): None, np.int64(2026): None}"
EURUSD,TF_PB,combined_regime,STRONG_BULL__CONTRACTION,9,0.0,-1.301,0.0,0.0,False,"{np.int64(2023): None, np.int64(2024): None, np.int64(2025): None, np.int64(2026): None}"
EURUSD,TF_PB,session,NY_LATE,20,40.0,0.025,1.26,50.0,False,"{np.int64(2023): 0.038, np.int64(2024): -0.191, np.int64(2025): None, np.int64(2026): None}"
EURUSD,TF_PB,session,OVERLAP,249,28.92,-0.319,0.63,0.0,True,"{np.int64(2023): -0.11, np.int64(2024): -0.23, np.int64(2025): -0.365, np.int64(2026): -0.6}"
EURUSD,TF_PB,session,LONDON,410,29.76,-0.384,0.66,0.0,True,"{np.int64(2023): -0.44, np.int64(2024): -0.654, np.int64(2025): -0.08, np.int64(2026): -0.398}"
EURUSD,TF_PB,day_of_week,Wednesday,133,37.59,-0.122,0.87,25.0,True,"{np.int64(2023): -0.156, np.int64(2024): 0.122, np.int64(2025): -0.133, np.int64(2026): -0.405}"
EURUSD,TF_PB,day_of_week,Thursday,141,34.75,-0.212,0.79,0.0,True,"{np.int64(2023): -0.174, np.int64(2024): -0.362, np.int64(2025): -0.175, np.int64(2026): -0.133}"
EURUSD,TF_PB,day_of_week,Monday,128,31.25,-0.284,0.81,25.0,True,"{np.int64(2023): -0.403, np.int64(2024): -0.579, np.int64(2025): 0.072, np.int64(2026): -0.293}"
EURUSD,TF_PB,day_of_week,Tuesday,133,24.06,-0.508,0.5,0.0,True,"{np.int64(2023): -0.457, np.int64(2024): -0.691, np.int64(2025): -0.271, np.int64(2026): -0.676}"
EURUSD,TF_PB,day_of_week,Friday,144,21.53,-0.599,0.43,0.0,True,"{np.int64(2023): -0.273, np.int64(2024): -0.879, np.int64(2025): -0.376, np.int64(2026): -0.913}"
EURUSD,TF_PB,spread_bucket,Low (<=1.0p),679,29.75,-0.348,0.66,0.0,True,"{np.int64(2023): -0.294, np.int64(2024): -0.497, np.int64(2025): -0.173, np.int64(2026): -0.487}"
EURUSD,TF_PB,htf_alignment,ALIGNED,427,30.44,-0.327,0.71,0.0,True,"{np.int64(2023): -0.248, np.int64(2024): -0.462, np.int64(2025): -0.123, np.int64(2026): -0.539}"
EURUSD,TF_PB,htf_alignment,NEUTRAL,252,28.57,-0.384,0.59,0.0,True,"{np.int64(2023): -0.397, np.int64(2024): -0.577, np.int64(2025): -0.235, np.int64(2026): -0.42}"
EURUSD,TF_PB,direction_label,LONG,358,32.4,-0.272,0.74,0.0,True,"{np.int64(2023): -0.277, np.int64(2024): -0.421, np.int64(2025): -0.161, np.int64(2026): -0.217}"
EURUSD,TF_PB,direction_label,SHORT,321,26.79,-0.434,0.59,0.0,True,"{np.int64(2023): -0.312, np.int64(2024): -0.596, np.int64(2025): -0.188, np.int64(2026): -0.694}"
EURUSD,VE_BO,atr_bucket,40-60% (Mid),219,31.05,-0.242,0.76,0.0,True,"{np.int64(2023): -0.305, np.int64(2024): -0.266, np.int64(2025): -0.187, np.int64(2026): -0.186}"
EURUSD,VE_BO,atr_bucket,0-20% (Lowest),89,33.71,-0.251,0.78,25.0,True,"{np.int64(2023): -0.592, np.int64(2024): -0.211, np.int64(2025): 0.233, np.int64(2026): -0.381}"
EURUSD,VE_BO,atr_bucket,20-40% (Low),295,31.86,-0.271,0.72,25.0,True,"{np.int64(2023): -0.37, np.int64(2024): -0.463, np.int64(2025): -0.253, np.int64(2026): 0.224}"
EURUSD,VE_BO,atr_bucket,60-80% (High),77,25.97,-0.352,0.57,0.0,True,"{np.int64(2023): -0.427, np.int64(2024): -0.323, np.int64(2025): -0.399, np.int64(2026): -0.243}"
EURUSD,VE_BO,atr_bucket,80-100% (Highest),31,12.9,-0.765,0.23,0.0,True,"{np.int64(2023): -0.668, np.int64(2024): -1.192, np.int64(2025): -0.753, np.int64(2026): -0.505}"
EURUSD,VE_BO,adx_bucket,Low (<18),168,33.93,-0.174,0.82,0.0,True,"{np.int64(2023): -0.079, np.int64(2024): -0.234, np.int64(2025): -0.323, np.int64(2026): -0.023}"
EURUSD,VE_BO,adx_bucket,High (>28),237,29.96,-0.307,0.65,0.0,True,"{np.int64(2023): -0.362, np.int64(2024): -0.286, np.int64(2025): -0.361, np.int64(2026): -0.145}"
EURUSD,VE_BO,adx_bucket,Medium (18-28),306,28.76,-0.34,0.64,25.0,True,"{np.int64(2023): -0.607, np.int64(2024): -0.504, np.int64(2025): -0.037, np.int64(2026): 0.03}"
EURUSD,VE_BO,trend_regime,WEAK_BEAR,73,36.99,-0.057,0.93,50.0,True,"{np.int64(2023): -0.164, np.int64(2024): 0.329, np.int64(2025): -0.644, np.int64(2026): 0.196}"
EURUSD,VE_BO,trend_regime,STRONG_BEAR,79,35.44,-0.124,0.85,25.0,True,"{np.int64(2023): -0.285, np.int64(2024): -0.111, np.int64(2025): -0.225, np.int64(2026): 0.152}"
EURUSD,VE_BO,trend_regime,WEAK_BULL,56,32.14,-0.204,0.81,66.7,True,"{np.int64(2023): 0.171, np.int64(2024): -0.711, np.int64(2025): 0.003, np.int64(2026): None}"
EURUSD,VE_BO,trend_regime,CHOPPY,417,29.02,-0.345,0.63,0.0,True,"{np.int64(2023): -0.472, np.int64(2024): -0.423, np.int64(2025): -0.239, np.int64(2026): -0.138}"
EURUSD,VE_BO,trend_regime,STRONG_BULL,86,25.58,-0.427,0.5,25.0,True,"{np.int64(2023): -0.7, np.int64(2024): -0.497, np.int64(2025): -0.085, np.int64(2026): 0.117}"
EURUSD,VE_BO,vol_regime,HIGH_VOL,12,33.33,-0.151,0.68,0.0,False,"{np.int64(2023): -0.325, np.int64(2024): None, np.int64(2025): None, np.int64(2026): None}"
EURUSD,VE_BO,vol_regime,NORMAL_VOL,129,30.23,-0.282,0.66,0.0,True,"{np.int64(2023): -0.408, np.int64(2024): -0.119, np.int64(2025): -0.425, np.int64(2026): -0.074}"
EURUSD,VE_BO,vol_regime,LOW_VOL,376,31.12,-0.287,0.72,0.0,True,"{np.int64(2023): -0.49, np.int64(2024): -0.47, np.int64(2025): -0.016, np.int64(2026): -0.007}"
EURUSD,VE_BO,vol_regime,EXPANSION,194,28.87,-0.31,0.63,0.0,True,"{np.int64(2023): -0.232, np.int64(2024): -0.335, np.int64(2025): -0.503, np.int64(2026): -0.067}"
EURUSD,VE_BO,combined_regime,STRONG_BULL__HIGH_VOL,1,100.0,2.009,99.0,0.0,False,"{np.int64(2023): None, np.int64(2024): None, np.int64(2025): None, np.int64(2026): None}"
EURUSD,VE_BO,combined_regime,STRONG_BEAR__HIGH_VOL,1,100.0,1.438,99.0,0.0,False,"{np.int64(2023): None, np.int64(2024): None, np.int64(2025): None, np.int64(2026): None}"
EURUSD,VE_BO,combined_regime,STRONG_BEAR__LOW_VOL,32,43.75,0.154,1.3,75.0,True,"{np.int64(2023): 0.372, np.int64(2024): 0.327, np.int64(2025): -0.153, np.int64(2026): 0.153}"
EURUSD,VE_BO,combined_regime,WEAK_BULL__LOW_VOL,21,42.86,0.077,1.57,66.7,False,"{np.int64(2023): 0.378, np.int64(2024): -0.915, np.int64(2025): 0.765, np.int64(2026): None}"
EURUSD,VE_BO,combined_regime,WEAK_BEAR__NORMAL_VOL,17,41.18,0.036,0.99,100.0,False,"{np.int64(2023): 0.558, np.int64(2024): None, np.int64(2025): None, np.int64(2026): None}"
EURUSD,VE_BO,combined_regime,WEAK_BEAR__LOW_VOL,35,37.14,-0.084,0.9,50.0,True,"{np.int64(2023): -0.212, np.int64(2024): 0.095, np.int64(2025): -0.588, np.int64(2026): 0.625}"
EURUSD,VE_BO,combined_regime,WEAK_BEAR__EXPANSION,18,33.33,-0.086,0.98,50.0,False,"{np.int64(2023): -0.606, np.int64(2024): 0.634, np.int64(2025): None, np.int64(2026): None}"
EURUSD,VE_BO,combined_regime,STRONG_BEAR__NORMAL_VOL,21,38.1,-0.092,0.9,66.7,False,"{np.int64(2023): -0.816, np.int64(2024): None, np.int64(2025): 0.434, np.int64(2026): 0.565}"
EURUSD,VE_BO,combined_regime,WEAK_BEAR__HIGH_VOL,3,33.33,-0.096,0.78,0.0,False,"{np.int64(2023): None, np.int64(2024): None, np.int64(2025): None, np.int64(2026): None}"
EURUSD,VE_BO,combined_regime,STRONG_BULL__EXPANSION,21,33.33,-0.145,0.82,0.0,False,"{np.int64(2023): -0.068, np.int64(2024): -0.401, np.int64(2025): None, np.int64(2026): None}"
EURUSD,VE_BO,combined_regime,WEAK_BULL__NORMAL_VOL,6,33.33,-0.168,0.57,0.0,False,"{np.int64(2023): None, np.int64(2024): None, np.int64(2025): None, np.int64(2026): None}"
EURUSD,VE_BO,combined_regime,CHOPPY__NORMAL_VOL,59,32.2,-0.198,0.81,25.0,True,"{np.int64(2023): 0.235, np.int64(2024): -0.042, np.int64(2025): -0.321, np.int64(2026): -0.475}"
EURUSD,VE_BO,combined_regime,CHOPPY__EXPANSION,103,30.1,-0.306,0.62,25.0,True,"{np.int64(2023): -0.235, np.int64(2024): -0.362, np.int64(2025): -0.497, np.int64(2026): 0.061}"
EURUSD,VE_BO,combined_regime,STRONG_BULL__LOW_VOL,38,28.95,-0.35,0.56,33.3,True,"{np.int64(2023): -1.287, np.int64(2024): -0.507, np.int64(2025): 0.3, np.int64(2026): None}"
EURUSD,VE_BO,combined_regime,WEAK_BULL__EXPANSION,27,25.93,-0.361,0.61,33.3,True,"{np.int64(2023): 0.181, np.int64(2024): -0.814, np.int64(2025): -0.138, np.int64(2026): None}"
EURUSD,VE_BO,combined_regime,CHOPPY__LOW_VOL,250,28.0,-0.393,0.61,0.0,True,"{np.int64(2023): -0.663, np.int64(2024): -0.541, np.int64(2025): -0.124, np.int64(2026): -0.041}"
EURUSD,VE_BO,combined_regime,CHOPPY__HIGH_VOL,5,20.0,-0.532,0.27,0.0,False,"{np.int64(2023): None, np.int64(2024): None, np.int64(2025): None, np.int64(2026): None}"
EURUSD,VE_BO,combined_regime,STRONG_BEAR__EXPANSION,25,20.0,-0.57,0.41,0.0,True,"{np.int64(2023): None, np.int64(2024): -0.32, np.int64(2025): -0.808, np.int64(2026): -0.193}"
EURUSD,VE_BO,combined_regime,STRONG_BULL__NORMAL_VOL,26,11.54,-0.859,0.19,0.0,True,"{np.int64(2023): -1.221, np.int64(2024): -0.601, np.int64(2025): -1.237, np.int64(2026): None}"
EURUSD,VE_BO,combined_regime,WEAK_BULL__HIGH_VOL,2,0.0,-1.154,0.0,0.0,False,"{np.int64(2023): None, np.int64(2024): None, np.int64(2025): None, np.int64(2026): None}"
EURUSD,VE_BO,session,OVERLAP,327,31.8,-0.219,0.71,0.0,True,"{np.int64(2023): -0.354, np.int64(2024): -0.2, np.int64(2025): -0.241, np.int64(2026): -0.021}"
EURUSD,VE_BO,session,LONDON,367,29.43,-0.348,0.67,0.0,True,"{np.int64(2023): -0.43, np.int64(2024): -0.522, np.int64(2025): -0.174, np.int64(2026): -0.049}"
EURUSD,VE_BO,session,NY_LATE,17,23.53,-0.411,0.38,0.0,False,"{np.int64(2023): -0.533, np.int64(2024): None, np.int64(2025): -0.571, np.int64(2026): None}"
EURUSD,VE_BO,day_of_week,Thursday,162,36.42,-0.074,0.88,25.0,True,"{np.int64(2023): -0.241, np.int64(2024): -0.196, np.int64(2025): -0.02, np.int64(2026): 0.314}"
EURUSD,VE_BO,day_of_week,Monday,117,31.62,-0.287,0.67,25.0,True,"{np.int64(2023): -0.246, np.int64(2024): -0.432, np.int64(2025): 0.018, np.int64(2026): -0.695}"
EURUSD,VE_BO,day_of_week,Wednesday,143,27.97,-0.349,0.65,25.0,True,"{np.int64(2023): -0.326, np.int64(2024): -0.412, np.int64(2025): -0.569, np.int64(2026): 0.047}"
EURUSD,VE_BO,day_of_week,Friday,148,27.7,-0.383,0.62,0.0,True,"{np.int64(2023): -0.502, np.int64(2024): -0.583, np.int64(2025): -0.2, np.int64(2026): -0.055}"
EURUSD,VE_BO,day_of_week,Tuesday,141,27.66,-0.383,0.57,0.0,True,"{np.int64(2023): -0.663, np.int64(2024): -0.212, np.int64(2025): -0.379, np.int64(2026): -0.188}"
EURUSD,VE_BO,spread_bucket,Low (<=1.0p),711,30.38,-0.29,0.68,0.0,True,"{np.int64(2023): -0.4, np.int64(2024): -0.374, np.int64(2025): -0.216, np.int64(2026): -0.045}"
EURUSD,VE_BO,htf_alignment,ALIGNED,256,33.98,-0.165,0.78,25.0,True,"{np.int64(2023): -0.431, np.int64(2024): -0.127, np.int64(2025): 0.111, np.int64(2026): -0.033}"
EURUSD,VE_BO,htf_alignment,NEUTRAL,233,27.9,-0.358,0.61,25.0,True,"{np.int64(2023): -0.34, np.int64(2024): -0.615, np.int64(2025): -0.393, np.int64(2026): 0.097}"
EURUSD,VE_BO,htf_alignment,OPPOSED,222,28.83,-0.363,0.64,0.0,True,"{np.int64(2023): -0.409, np.int64(2024): -0.399, np.int64(2025): -0.345, np.int64(2026): -0.219}"
EURUSD,VE_BO,direction_label,SHORT,369,30.62,-0.283,0.7,25.0,True,"{np.int64(2023): -0.451, np.int64(2024): -0.32, np.int64(2025): -0.299, np.int64(2026): 0.063}"
EURUSD,VE_BO,direction_label,LONG,342,30.12,-0.298,0.66,0.0,True,"{np.int64(2023): -0.344, np.int64(2024): -0.427, np.int64(2025): -0.132, np.int64(2026): -0.207}"
EURUSD,MR_RG,atr_bucket,80-100% (Highest),2,100.0,1.782,99.0,0.0,False,"{np.int64(2023): None, np.int64(2024): None, np.int64(2025): None, np.int64(2026): None}"
EURUSD,MR_RG,atr_bucket,40-60% (Mid),19,36.84,-0.082,0.8,0.0,False,"{np.int64(2023): -0.167, np.int64(2024): None, np.int64(2025): None, np.int64(2026): None}"
EURUSD,MR_RG,atr_bucket,20-40% (Low),36,27.78,-0.586,0.42,0.0,True,"{np.int64(2023): None, np.int64(2024): -0.526, np.int64(2025): -0.825, np.int64(2026): -0.717}"
EURUSD,MR_RG,atr_bucket,0-20% (Lowest),88,27.27,-0.787,0.34,0.0,True,"{np.int64(2023): -1.129, np.int64(2024): -0.606, np.int64(2025): -0.787, np.int64(2026): -0.928}"
EURUSD,MR_RG,atr_bucket,60-80% (High),2,0.0,-1.308,0.0,0.0,False,"{np.int64(2023): None, np.int64(2024): None, np.int64(2025): None, np.int64(2026): None}"
EURUSD,MR_RG,adx_bucket,Medium (18-28),56,32.14,-0.48,0.49,0.0,True,"{np.int64(2023): -0.337, np.int64(2024): -0.159, np.int64(2025): -0.872, np.int64(2026): -0.515}"
EURUSD,MR_RG,adx_bucket,Low (<18),91,27.47,-0.704,0.51,0.0,True,"{np.int64(2023): -0.83, np.int64(2024): -0.825, np.int64(2025): -0.335, np.int64(2026): -0.635}"
EURUSD,MR_RG,trend_regime,WEAK_BEAR,19,68.42,0.68,2.62,100.0,False,"{np.int64(2023): 0.358, np.int64(2024): 0.577, np.int64(2025): 0.991, np.int64(2026): None}"
EURUSD,MR_RG,trend_regime,WEAK_BULL,16,43.75,-0.093,1.05,0.0,False,"{np.int64(2023): None, np.int64(2024): -0.361, np.int64(2025): None, np.int64(2026): None}"
EURUSD,MR_RG,trend_regime,CHOPPY,55,18.18,-0.897,0.26,0.0,True,"{np.int64(2023): -0.851, np.int64(2024): -0.727, np.int64(2025): -1.156, np.int64(2026): -0.898}"
EURUSD,MR_RG,trend_regime,RANGING,57,22.81,-0.932,0.28,0.0,True,"{np.int64(2023): -1.425, np.int64(2024): -0.819, np.int64(2025): -0.598, np.int64(2026): -1.108}"
EURUSD,MR_RG,vol_regime,HIGH_VOL,1,100.0,1.709,99.0,0.0,False,"{np.int64(2023): None, np.int64(2024): None, np.int64(2025): None, np.int64(2026): None}"
EURUSD,MR_RG,vol_regime,NORMAL_VOL,33,36.36,-0.212,0.77,25.0,True,"{np.int64(2023): 0.124, np.int64(2024): -0.575, np.int64(2025): -0.382, np.int64(2026): -0.011}"
EURUSD,MR_RG,vol_regime,EXPANSION,3,33.33,-0.233,0.89,0.0,False,"{np.int64(2023): None, np.int64(2024): None, np.int64(2025): None, np.int64(2026): None}"
EURUSD,MR_RG,vol_regime,LOW_VOL,42,30.95,-0.591,0.4,0.0,True,"{np.int64(2023): -1.129, np.int64(2024): -0.254, np.int64(2025): -1.09, np.int64(2026): -0.343}"
EURUSD,MR_RG,vol_regime,CONTRACTION,68,23.53,-0.885,0.28,0.0,True,"{np.int64(2023): -0.938, np.int64(2024): -0.83, np.int64(2025): -0.778, np.int64(2026): -1.245}"
EURUSD,MR_RG,combined_regime,WEAK_BULL__EXPANSION,1,100.0,1.855,99.0,0.0,False,"{np.int64(2023): None, np.int64(2024): None, np.int64(2025): None, np.int64(2026): None}"
EURUSD,MR_RG,combined_regime,CHOPPY__HIGH_VOL,1,100.0,1.709,99.0,0.0,False,"{np.int64(2023): None, np.int64(2024): None, np.int64(2025): None, np.int64(2026): None}"
EURUSD,MR_RG,combined_regime,WEAK_BULL__NORMAL_VOL,2,100.0,1.429,99.0,0.0,False,"{np.int64(2023): None, np.int64(2024): None, np.int64(2025): None, np.int64(2026): None}"
EURUSD,MR_RG,combined_regime,WEAK_BEAR__NORMAL_VOL,9,77.78,1.17,4.85,0.0,False,"{np.int64(2023): None, np.int64(2024): None, np.int64(2025): None, np.int64(2026): None}"
EURUSD,MR_RG,combined_regime,WEAK_BEAR__CONTRACTION,5,60.0,0.269,1.48,0.0,False,"{np.int64(2023): None, np.int64(2024): None, np.int64(2025): None, np.int64(2026): None}"
EURUSD,MR_RG,combined_regime,WEAK_BEAR__LOW_VOL,5,60.0,0.208,0.98,0.0,False,"{np.int64(2023): None, np.int64(2024): None, np.int64(2025): None, np.int64(2026): None}"
EURUSD,MR_RG,combined_regime,RANGING__LOW_VOL,6,50.0,-0.142,1.18,0.0,False,"{np.int64(2023): None, np.int64(2024): None, np.int64(2025): None, np.int64(2026): None}"
EURUSD,MR_RG,combined_regime,WEAK_BULL__LOW_VOL,7,28.57,-0.446,0.32,0.0,False,"{np.int64(2023): None, np.int64(2024): -0.287, np.int64(2025): None, np.int64(2026): None}"
EURUSD,MR_RG,combined_regime,WEAK_BULL__CONTRACTION,6,33.33,-0.515,0.54,0.0,False,"{np.int64(2023): None, np.int64(2024): None, np.int64(2025): None, np.int64(2026): None}"
EURUSD,MR_RG,combined_regime,CHOPPY__NORMAL_VOL,21,14.29,-0.902,0.18,0.0,False,"{np.int64(2023): -0.321, np.int64(2024): -1.229, np.int64(2025): -1.322, np.int64(2026): None}"
EURUSD,MR_RG,combined_regime,CHOPPY__LOW_VOL,24,20.83,-0.911,0.23,0.0,False,"{np.int64(2023): None, np.int64(2024): -0.557, np.int64(2025): -1.411, np.int64(2026): None}"
EURUSD,MR_RG,combined_regime,RANGING__CONTRACTION,50,20.0,-1.016,0.22,0.0,True,"{np.int64(2023): -1.386, np.int64(2024): -0.876, np.int64(2025): -0.682, np.int64(2026): -1.548}"
EURUSD,MR_RG,combined_regime,CHOPPY__CONTRACTION,7,14.29,-1.095,0.11,0.0,False,"{np.int64(2023): None, np.int64(2024): None, np.int64(2025): None, np.int64(2026): None}"
EURUSD,MR_RG,combined_regime,CHOPPY__EXPANSION,2,0.0,-1.276,0.0,0.0,False,"{np.int64(2023): None, np.int64(2024): None, np.int64(2025): None, np.int64(2026): None}"
EURUSD,MR_RG,combined_regime,RANGING__NORMAL_VOL,1,0.0,-1.455,0.0,0.0,False,"{np.int64(2023): None, np.int64(2024): None, np.int64(2025): None, np.int64(2026): None}"
EURUSD,MR_RG,session,NY_LATE,3,66.67,0.489,4.67,0.0,False,"{np.int64(2023): None, np.int64(2024): None, np.int64(2025): None, np.int64(2026): None}"
EURUSD,MR_RG,session,OVERLAP,38,36.84,-0.204,0.72,50.0,True,"{np.int64(2023): -0.007, np.int64(2024): -0.811, np.int64(2025): 0.144, np.int64(2026): 0.12}"
EURUSD,MR_RG,session,LONDON,39,25.64,-0.78,0.33,0.0,True,"{np.int64(2023): -1.007, np.int64(2024): -0.467, np.int64(2025): -0.9, np.int64(2026): None}"
EURUSD,MR_RG,session,ASIAN,67,25.37,-0.81,0.35,0.0,True,"{np.int64(2023): -1.013, np.int64(2024): -0.618, np.int64(2025): -0.804, np.int64(2026): -1.245}"
EURUSD,MR_RG,day_of_week,Monday,20,35.0,-0.391,0.7,33.3,False,"{np.int64(2023): 0.606, np.int64(2024): -0.682, np.int64(2025): -0.551, np.int64(2026): None}"
EURUSD,MR_RG,day_of_week,Thursday,40,32.5,-0.54,0.46,25.0,True,"{np.int64(2023): -0.814, np.int64(2024): -0.716, np.int64(2025): -0.113, np.int64(2026): 0.027}"
EURUSD,MR_RG,day_of_week,Friday,29,31.03,-0.581,0.54,0.0,True,"{np.int64(2023): None, np.int64(2024): -0.425, np.int64(2025): -0.574, np.int64(2026): -0.804}"
EURUSD,MR_RG,day_of_week,Wednesday,33,24.24,-0.753,0.58,0.0,True,"{np.int64(2023): -1.132, np.int64(2024): -0.743, np.int64(2025): -0.6, np.int64(2026): None}"
EURUSD,MR_RG,day_of_week,Tuesday,25,24.0,-0.795,0.29,0.0,True,"{np.int64(2023): -1.109, np.int64(2024): -0.347, np.int64(2025): -1.462, np.int64(2026): None}"
EURUSD,MR_RG,spread_bucket,Low (<=1.0p),147,29.25,-0.619,0.5,0.0,True,"{np.int64(2023): -0.687, np.int64(2024): -0.599, np.int64(2025): -0.611, np.int64(2026): -0.587}"
EURUSD,MR_RG,htf_alignment,OPPOSED,51,37.25,-0.344,0.82,0.0,True,"{np.int64(2023): -0.554, np.int64(2024): -0.538, np.int64(2025): -0.06, np.int64(2026): -0.101}"
EURUSD,MR_RG,htf_alignment,NEUTRAL,44,34.09,-0.477,0.67,0.0,True,"{np.int64(2023): -0.906, np.int64(2024): -0.349, np.int64(2025): -0.412, np.int64(2026): None}"
EURUSD,MR_RG,htf_alignment,ALIGNED,52,17.31,-1.01,0.17,0.0,True,"{np.int64(2023): -0.75, np.int64(2024): -0.918, np.int64(2025): -1.407, np.int64(2026): -1.049}"
EURUSD,MR_RG,direction_label,LONG,63,41.27,-0.251,0.82,25.0,True,"{np.int64(2023): -0.551, np.int64(2024): 0.166, np.int64(2025): -0.371, np.int64(2026): -0.165}"
EURUSD,MR_RG,direction_label,SHORT,84,20.24,-0.895,0.29,0.0,True,"{np.int64(2023): -0.851, np.int64(2024): -0.884, np.int64(2025): -0.893, np.int64(2026): -1.009}"
EURUSD,LDN_MO,atr_bucket,60-80% (High),12,50.0,0.242,1.49,0.0,False,"{np.int64(2023): None, np.int64(2024): None, np.int64(2025): None, np.int64(2026): None}"
EURUSD,LDN_MO,atr_bucket,80-100% (Highest),6,33.33,0.063,0.84,0.0,False,"{np.int64(2023): None, np.int64(2024): None, np.int64(2025): None, np.int64(2026): None}"
EURUSD,LDN_MO,atr_bucket,40-60% (Mid),73,38.36,-0.045,0.85,25.0,True,"{np.int64(2023): -0.049, np.int64(2024): 0.28, np.int64(2025): -0.088, np.int64(2026): -0.447}"
EURUSD,LDN_MO,atr_bucket,20-40% (Low),264,36.74,-0.125,0.91,25.0,True,"{np.int64(2023): -0.267, np.int64(2024): 0.043, np.int64(2025): -0.098, np.int64(2026): -0.122}"
EURUSD,LDN_MO,atr_bucket,0-20% (Lowest),504,32.14,-0.257,0.65,0.0,True,"{np.int64(2023): -0.414, np.int64(2024): -0.197, np.int64(2025): -0.099, np.int64(2026): -0.351}"
EURUSD,LDN_MO,adx_bucket,Low (<18),121,38.84,-0.047,0.84,25.0,True,"{np.int64(2023): -0.119, np.int64(2024): 0.101, np.int64(2025): -0.058, np.int64(2026): -0.341}"
EURUSD,LDN_MO,adx_bucket,High (>28),474,34.39,-0.186,0.75,50.0,True,"{np.int64(2023): -0.549, np.int64(2024): 0.022, np.int64(2025): 0.027, np.int64(2026): -0.179}"
EURUSD,LDN_MO,adx_bucket,Medium (18-28),264,32.2,-0.26,0.73,0.0,True,"{np.int64(2023): -0.076, np.int64(2024): -0.408, np.int64(2025): -0.348, np.int64(2026): -0.261}"
EURUSD,LDN_MO,trend_regime,WEAK_BULL,37,40.54,0.003,0.96,66.7,True,"{np.int64(2023): 0.265, np.int64(2024): -0.583, np.int64(2025): 0.362, np.int64(2026): None}"
EURUSD,LDN_MO,trend_regime,RANGING,65,40.0,-0.042,0.8,50.0,True,"{np.int64(2023): -0.065, np.int64(2024): -0.201, np.int64(2025): 0.171, np.int64(2026): 0.023}"
EURUSD,LDN_MO,trend_regime,STRONG_BULL,144,35.42,-0.147,0.77,50.0,True,"{np.int64(2023): -0.531, np.int64(2024): -0.168, np.int64(2025): 0.23, np.int64(2026): 0.03}"
EURUSD,LDN_MO,trend_regime,WEAK_BEAR,54,33.33,-0.187,0.83,33.3,True,"{np.int64(2023): -0.518, np.int64(2024): 0.413, np.int64(2025): -0.044, np.int64(2026): None}"
EURUSD,LDN_MO,trend_regime,CHOPPY,421,33.97,-0.225,0.75,0.0,True,"{np.int64(2023): -0.242, np.int64(2024): -0.093, np.int64(2025): -0.254, np.int64(2026): -0.342}"
EURUSD,LDN_MO,trend_regime,STRONG_BEAR,138,30.43,-0.247,0.68,25.0,True,"{np.int64(2023): -0.635, np.int64(2024): 0.033, np.int64(2025): -0.204, np.int64(2026): -0.147}"
EURUSD,LDN_MO,vol_regime,HIGH_VOL,5,40.0,0.111,0.92,0.0,False,"{np.int64(2023): None, np.int64(2024): None, np.int64(2025): None, np.int64(2026): None}"
EURUSD,LDN_MO,vol_regime,EXPANSION,36,36.11,-0.096,0.86,66.7,True,"{np.int64(2023): 0.12, np.int64(2024): 0.056, np.int64(2025): -0.47, np.int64(2026): None}"
EURUSD,LDN_MO,vol_regime,LOW_VOL,544,35.66,-0.164,0.82,0.0,True,"{np.int64(2023): -0.283, np.int64(2024): -0.218, np.int64(2025): -0.011, np.int64(2026): -0.081}"
EURUSD,LDN_MO,vol_regime,NORMAL_VOL,149,33.56,-0.213,0.69,25.0,True,"{np.int64(2023): -0.476, np.int64(2024): 0.384, np.int64(2025): -0.287, np.int64(2026): -0.383}"
EURUSD,LDN_MO,vol_regime,CONTRACTION,125,28.8,-0.31,0.57,0.0,True,"{np.int64(2023): -0.582, np.int64(2024): -0.148, np.int64(2025): -0.102, np.int64(2026): -0.519}"
EURUSD,LDN_MO,combined_regime,STRONG_BULL__HIGH_VOL,1,100.0,1.904,99.0,0.0,False,"{np.int64(2023): None, np.int64(2024): None, np.int64(2025): None, np.int64(2026): None}"
EURUSD,LDN_MO,combined_regime,WEAK_BEAR__HIGH_VOL,2,50.0,0.42,1.14,0.0,False,"{np.int64(2023): None, np.int64(2024): None, np.int64(2025): None, np.int64(2026): None}"
EURUSD,LDN_MO,combined_regime,WEAK_BULL__LOW_VOL,24,50.0,0.219,1.46,66.7,False,"{np.int64(2023): 0.413, np.int64(2024): -0.378, np.int64(2025): 0.726, np.int64(2026): None}"
EURUSD,LDN_MO,combined_regime,CHOPPY__EXPANSION,24,45.83,0.167,1.37,100.0,False,"{np.int64(2023): 0.579, np.int64(2024): 0.209, np.int64(2025): None, np.int64(2026): None}"
EURUSD,LDN_MO,combined_regime,RANGING__LOW_VOL,40,45.0,0.063,1.12,33.3,True,"{np.int64(2023): -0.026, np.int64(2024): -0.138, np.int64(2025): 0.545, np.int64(2026): None}"
EURUSD,LDN_MO,combined_regime,STRONG_BEAR__CONTRACTION,14,35.71,0.032,1.14,100.0,False,"{np.int64(2023): None, np.int64(2024): 0.097, np.int64(2025): None, np.int64(2026): None}"
EURUSD,LDN_MO,combined_regime,WEAK_BEAR__LOW_VOL,38,39.47,-0.012,1.06,66.7,True,"{np.int64(2023): -0.371, np.int64(2024): 0.659, np.int64(2025): 0.322, np.int64(2026): None}"
EURUSD,LDN_MO,combined_regime,STRONG_BEAR__NORMAL_VOL,36,36.11,-0.098,0.83,50.0,True,"{np.int64(2023): -0.726, np.int64(2024): 1.031, np.int64(2025): -0.345, np.int64(2026): 0.066}"
EURUSD,LDN_MO,combined_regime,STRONG_BULL__LOW_VOL,88,37.5,-0.106,0.85,50.0,True,"{np.int64(2023): -0.475, np.int64(2024): -0.041, np.int64(2025): 0.066, np.int64(2026): 0.296}"
EURUSD,LDN_MO,combined_regime,RANGING__CONTRACTION,21,33.33,-0.171,0.56,0.0,False,"{np.int64(2023): -0.122, np.int64(2024): -0.52, np.int64(2025): -0.186, np.int64(2026): None}"
EURUSD,LDN_MO,combined_regime,WEAK_BULL__NORMAL_VOL,10,30.0,-0.174,0.56,100.0,False,"{np.int64(2023): 0.028, np.int64(2024): None, np.int64(2025): None, np.int64(2026): None}"
EURUSD,LDN_MO,combined_regime,STRONG_BULL__CONTRACTION,20,30.0,-0.178,0.74,33.3,False,"{np.int64(2023): -0.956, np.int64(2024): -0.84, np.int64(2025): 1.349, np.int64(2026): None}"
EURUSD,LDN_MO,combined_regime,CHOPPY__NORMAL_VOL,62,35.48,-0.191,0.8,25.0,True,"{np.int64(2023): -0.317, np.int64(2024): 0.55, np.int64(2025): -0.274, np.int64(2026): -0.582}"
EURUSD,LDN_MO,combined_regime,CHOPPY__LOW_VOL,269,34.2,-0.222,0.78,0.0,True,"{np.int64(2023): -0.199, np.int64(2024): -0.361, np.int64(2025): -0.173, np.int64(2026): -0.138}"
EURUSD,LDN_MO,combined_regime,STRONG_BULL__NORMAL_VOL,30,33.33,-0.248,0.57,25.0,True,"{np.int64(2023): -0.619, np.int64(2024): -0.356, np.int64(2025): 0.174, np.int64(2026): -0.171}"
EURUSD,LDN_MO,combined_regime,WEAK_BEAR__EXPANSION,4,25.0,-0.308,0.7,0.0,False,"{np.int64(2023): None, np.int64(2024): None, np.int64(2025): None, np.int64(2026): None}"
EURUSD,LDN_MO,combined_regime,STRONG_BEAR__LOW_VOL,85,28.24,-0.325,0.6,0.0,True,"{np.int64(2023): -0.567, np.int64(2024): -0.277, np.int64(2025): -0.178, np.int64(2026): -0.2}"
EURUSD,LDN_MO,combined_regime,CHOPPY__CONTRACTION,65,27.69,-0.399,0.47,25.0,True,"{np.int64(2023): -0.601, np.int64(2024): 0.371, np.int64(2025): -0.63, np.int64(2026): -0.772}"
EURUSD,LDN_MO,combined_regime,RANGING__NORMAL_VOL,4,25.0,-0.416,0.24,0.0,False,"{np.int64(2023): None, np.int64(2024): None, np.int64(2025): None, np.int64(2026): None}"
EURUSD,LDN_MO,combined_regime,STRONG_BULL__EXPANSION,5,20.0,-0.559,0.34,0.0,False,"{np.int64(2023): None, np.int64(2024): None, np.int64(2025): None, np.int64(2026): None}"
EURUSD,LDN_MO,combined_regime,WEAK_BEAR__NORMAL_VOL,7,14.29,-0.781,0.18,0.0,False,"{np.int64(2023): None, np.int64(2024): None, np.int64(2025): None, np.int64(2026): None}"
EURUSD,LDN_MO,combined_regime,STRONG_BEAR__HIGH_VOL,1,0.0,-1.047,0.0,0.0,False,"{np.int64(2023): None, np.int64(2024): None, np.int64(2025): None, np.int64(2026): None}"
EURUSD,LDN_MO,combined_regime,WEAK_BULL__EXPANSION,1,0.0,-1.09,0.0,0.0,False,"{np.int64(2023): None, np.int64(2024): None, np.int64(2025): None, np.int64(2026): None}"
EURUSD,LDN_MO,combined_regime,CHOPPY__HIGH_VOL,1,0.0,-1.14,0.0,0.0,False,"{np.int64(2023): None, np.int64(2024): None, np.int64(2025): None, np.int64(2026): None}"
EURUSD,LDN_MO,combined_regime,WEAK_BULL__CONTRACTION,2,0.0,-1.156,0.0,0.0,False,"{np.int64(2023): None, np.int64(2024): None, np.int64(2025): None, np.int64(2026): None}"
EURUSD,LDN_MO,combined_regime,STRONG_BEAR__EXPANSION,2,0.0,-1.172,0.0,0.0,False,"{np.int64(2023): None, np.int64(2024): None, np.int64(2025): None, np.int64(2026): None}"
EURUSD,LDN_MO,combined_regime,WEAK_BEAR__CONTRACTION,3,0.0,-1.265,0.0,0.0,False,"{np.int64(2023): None, np.int64(2024): None, np.int64(2025): None, np.int64(2026): None}"
EURUSD,LDN_MO,session,LONDON,859,34.34,-0.189,0.76,0.0,True,"{np.int64(2023): -0.341, np.int64(2024): -0.085, np.int64(2025): -0.097, np.int64(2026): -0.22}"
EURUSD,LDN_MO,day_of_week,Monday,160,38.12,-0.037,0.91,75.0,True,"{np.int64(2023): -0.435, np.int64(2024): 0.194, np.int64(2025): 0.091, np.int64(2026): 0.18}"
EURUSD,LDN_MO,day_of_week,Thursday,158,36.08,-0.138,0.79,25.0,True,"{np.int64(2023): -0.138, np.int64(2024): -0.078, np.int64(2025): 0.155, np.int64(2026): -0.73}"
EURUSD,LDN_MO,day_of_week,Wednesday,180,33.89,-0.189,0.76,0.0,True,"{np.int64(2023): -0.276, np.int64(2024): -0.021, np.int64(2025): -0.114, np.int64(2026): -0.394}"
EURUSD,LDN_MO,day_of_week,Friday,164,32.93,-0.257,0.71,0.0,True,"{np.int64(2023): -0.55, np.int64(2024): -0.05, np.int64(2025): -0.194, np.int64(2026): -0.173}"
EURUSD,LDN_MO,day_of_week,Tuesday,197,31.47,-0.299,0.66,0.0,True,"{np.int64(2023): -0.327, np.int64(2024): -0.355, np.int64(2025): -0.324, np.int64(2026): -0.075}"
EURUSD,LDN_MO,spread_bucket,Low (<=1.0p),859,34.34,-0.189,0.76,0.0,True,"{np.int64(2023): -0.341, np.int64(2024): -0.085, np.int64(2025): -0.097, np.int64(2026): -0.22}"
EURUSD,LDN_MO,htf_alignment,OPPOSED,264,35.61,-0.153,0.76,0.0,True,"{np.int64(2023): -0.17, np.int64(2024): -0.002, np.int64(2025): -0.242, np.int64(2026): -0.236}"
EURUSD,LDN_MO,htf_alignment,ALIGNED,320,34.69,-0.171,0.79,25.0,True,"{np.int64(2023): -0.42, np.int64(2024): -0.084, np.int64(2025): -0.082, np.int64(2026): 0.041}"
EURUSD,LDN_MO,htf_alignment,NEUTRAL,275,32.73,-0.246,0.72,25.0,True,"{np.int64(2023): -0.418, np.int64(2024): -0.179, np.int64(2025): 0.018, np.int64(2026): -0.428}"
EURUSD,LDN_MO,direction_label,SHORT,409,34.47,-0.183,0.77,25.0,True,"{np.int64(2023): -0.372, np.int64(2024): 0.056, np.int64(2025): -0.144, np.int64(2026): -0.274}"
EURUSD,LDN_MO,direction_label,LONG,450,34.22,-0.195,0.75,0.0,True,"{np.int64(2023): -0.314, np.int64(2024): -0.216, np.int64(2025): -0.06, np.int64(2026): -0.159}"
EURUSD,MS_BOS,atr_bucket,80-100% (Highest),229,41.92,-0.073,0.86,25.0,True,"{np.int64(2023): -0.126, np.int64(2024): -0.163, np.int64(2025): -0.04, np.int64(2026): 0.123}"
EURUSD,MS_BOS,atr_bucket,60-80% (High),265,34.72,-0.193,0.73,0.0,True,"{np.int64(2023): -0.167, np.int64(2024): -0.233, np.int64(2025): -0.185, np.int64(2026): -0.187}"
EURUSD,MS_BOS,atr_bucket,40-60% (Mid),472,33.47,-0.246,0.66,0.0,True,"{np.int64(2023): -0.162, np.int64(2024): -0.409, np.int64(2025): -0.241, np.int64(2026): -0.156}"
EURUSD,MS_BOS,atr_bucket,20-40% (Low),616,33.6,-0.246,0.73,0.0,True,"{np.int64(2023): -0.307, np.int64(2024): -0.346, np.int64(2025): -0.225, np.int64(2026): -0.045}"
EURUSD,MS_BOS,atr_bucket,0-20% (Lowest),481,33.26,-0.345,0.67,0.0,True,"{np.int64(2023): -0.441, np.int64(2024): -0.31, np.int64(2025): -0.237, np.int64(2026): -0.398}"
EURUSD,MS_BOS,adx_bucket,Low (<18),209,37.32,-0.154,0.87,25.0,True,"{np.int64(2023): -0.037, np.int64(2024): -0.271, np.int64(2025): -0.227, np.int64(2026): 0.019}"
EURUSD,MS_BOS,adx_bucket,High (>28),1272,34.59,-0.247,0.7,0.0,True,"{np.int64(2023): -0.243, np.int64(2024): -0.26, np.int64(2025): -0.241, np.int64(2026): -0.241}"
EURUSD,MS_BOS,adx_bucket,Medium (18-28),582,33.51,-0.266,0.71,25.0,True,"{np.int64(2023): -0.409, np.int64(2024): -0.437, np.int64(2025): -0.118, np.int64(2026): 0.018}"
EURUSD,MS_BOS,trend_regime,WEAK_BULL,81,51.85,0.229,1.55,100.0,True,"{np.int64(2023): 0.022, np.int64(2024): 0.492, np.int64(2025): 0.284, np.int64(2026): 0.001}"
EURUSD,MS_BOS,trend_regime,WEAK_BEAR,73,39.73,-0.147,0.81,50.0,True,"{np.int64(2023): 0.409, np.int64(2024): -0.657, np.int64(2025): -0.49, np.int64(2026): 0.448}"
EURUSD,MS_BOS,trend_regime,STRONG_BULL,400,34.25,-0.233,0.74,0.0,True,"{np.int64(2023): -0.098, np.int64(2024): -0.373, np.int64(2025): -0.248, np.int64(2026): -0.217}"
EURUSD,MS_BOS,trend_regime,STRONG_BEAR,405,34.81,-0.235,0.68,0.0,True,"{np.int64(2023): -0.277, np.int64(2024): -0.188, np.int64(2025): -0.346, np.int64(2026): -0.136}"
EURUSD,MS_BOS,trend_regime,CHOPPY,1054,33.02,-0.287,0.68,0.0,True,"{np.int64(2023): -0.391, np.int64(2024): -0.362, np.int64(2025): -0.168, np.int64(2026): -0.17}"
EURUSD,MS_BOS,trend_regime,RANGING,50,32.0,-0.353,0.66,25.0,True,"{np.int64(2023): -0.403, np.int64(2024): -0.462, np.int64(2025): -0.318, np.int64(2026): 0.019}"
EURUSD,MS_BOS,vol_regime,HIGH_VOL,246,43.5,-0.035,0.91,50.0,True,"{np.int64(2023): -0.048, np.int64(2024): -0.149, np.int64(2025): 0.01, np.int64(2026): 0.105}"
EURUSD,MS_BOS,vol_regime,EXPANSION,110,34.55,-0.196,0.75,0.0,True,"{np.int64(2023): -0.006, np.int64(2024): -0.353, np.int64(2025): -0.422, np.int64(2026): -0.096}"
EURUSD,MS_BOS,vol_regime,LOW_VOL,676,35.21,-0.248,0.79,0.0,True,"{np.int64(2023): -0.399, np.int64(2024): -0.295, np.int64(2025): -0.088, np.int64(2026): -0.17}"
EURUSD,MS_BOS,vol_regime,NORMAL_VOL,911,31.61,-0.291,0.63,0.0,True,"{np.int64(2023): -0.259, np.int64(2024): -0.403, np.int64(2025): -0.291, np.int64(2026): -0.176}"
EURUSD,MS_BOS,vol_regime,CONTRACTION,120,35.0,-0.319,0.71,0.0,True,"{np.int64(2023): -0.372, np.int64(2024): -0.108, np.int64(2025): -0.491, np.int64(2026): -0.322}"
EURUSD,MS_BOS,combined_regime,WEAK_BULL__CONTRACTION,3,66.67,0.649,0.94,0.0,False,"{np.int64(2023): None, np.int64(2024): None, np.int64(2025): None, np.int64(2026): None}"
EURUSD,MS_BOS,combined_regime,WEAK_BEAR__EXPANSION,11,54.55,0.361,1.57,0.0,False,"{np.int64(2023): None, np.int64(2024): None, np.int64(2025): None, np.int64(2026): None}"
EURUSD,MS_BOS,combined_regime,WEAK_BULL__NORMAL_VOL,26,50.0,0.323,1.97,50.0,True,"{np.int64(2023): -0.089, np.int64(2024): None, np.int64(2025): 0.528, np.int64(2026): None}"
EURUSD,MS_BOS,combined_regime,RANGING__CONTRACTION,9,55.56,0.266,1.75,0.0,False,"{np.int64(2023): None, np.int64(2024): None, np.int64(2025): None, np.int64(2026): None}"
EURUSD,MS_BOS,combined_regime,WEAK_BULL__LOW_VOL,36,55.56,0.256,1.68,100.0,True,"{np.int64(2023): 0.066, np.int64(2024): 0.984, np.int64(2025): 0.195, np.int64(2026): None}"
EURUSD,MS_BOS,combined_regime,STRONG_BULL__HIGH_VOL,58,50.0,0.193,1.25,75.0,True,"{np.int64(2023): 0.384, np.int64(2024): 0.236, np.int64(2025): 0.12, np.int64(2026): -0.212}"
EURUSD,MS_BOS,combined_regime,WEAK_BULL__EXPANSION,11,45.45,-0.033,0.88,0.0,False,"{np.int64(2023): None, np.int64(2024): -0.146, np.int64(2025): None, np.int64(2026): None}"
EURUSD,MS_BOS,combined_regime,CHOPPY__HIGH_VOL,102,42.16,-0.065,0.83,25.0,True,"{np.int64(2023): -0.129, np.int64(2024): -0.138, np.int64(2025): -0.087, np.int64(2026): 0.138}"
EURUSD,MS_BOS,combined_regime,WEAK_BEAR__LOW_VOL,28,42.86,-0.067,1.0,33.3,True,"{np.int64(2023): 0.505, np.int64(2024): -0.446, np.int64(2025): -0.661, np.int64(2026): None}"
EURUSD,MS_BOS,combined_regime,WEAK_BULL__HIGH_VOL,5,40.0,-0.118,1.0,0.0,False,"{np.int64(2023): None, np.int64(2024): None, np.int64(2025): None, np.int64(2026): None}"
EURUSD,MS_BOS,combined_regime,STRONG_BEAR__LOW_VOL,95,37.89,-0.147,0.83,25.0,True,"{np.int64(2023): -0.163, np.int64(2024): 0.125, np.int64(2025): -0.402, np.int64(2026): -0.257}"
EURUSD,MS_BOS,combined_regime,STRONG_BEAR__HIGH_VOL,74,40.54,-0.15,0.73,25.0,True,"{np.int64(2023): -0.333, np.int64(2024): -0.324, np.int64(2025): -0.066, np.int64(2026): 0.198}"
EURUSD,MS_BOS,combined_regime,WEAK_BEAR__HIGH_VOL,7,42.86,-0.19,0.74,0.0,False,"{np.int64(2023): None, np.int64(2024): None, np.int64(2025): None, np.int64(2026): None}"
EURUSD,MS_BOS,combined_regime,CHOPPY__EXPANSION,54,33.33,-0.227,0.66,0.0,True,"{np.int64(2023): -0.16, np.int64(2024): -0.154, np.int64(2025): -0.495, np.int64(2026): -0.242}"
EURUSD,MS_BOS,combined_regime,STRONG_BEAR__CONTRACTION,13,38.46,-0.242,0.9,100.0,False,"{np.int64(2023): None, np.int64(2024): 0.033, np.int64(2025): None, np.int64(2026): None}"
EURUSD,MS_BOS,combined_regime,STRONG_BULL__LOW_VOL,91,34.07,-0.263,0.74,0.0,True,"{np.int64(2023): -0.401, np.int64(2024): -0.358, np.int64(2025): -0.006, np.int64(2026): -0.343}"
EURUSD,MS_BOS,combined_regime,STRONG_BEAR__EXPANSION,18,27.78,-0.271,0.84,0.0,False,"{np.int64(2023): -0.338, np.int64(2024): None, np.int64(2025): None, np.int64(2026): -0.043}"
EURUSD,MS_BOS,combined_regime,STRONG_BULL__NORMAL_VOL,217,31.34,-0.296,0.62,0.0,True,"{np.int64(2023): -0.051, np.int64(2024): -0.522, np.int64(2025): -0.402, np.int64(2026): -0.189}"
EURUSD,MS_BOS,combined_regime,CHOPPY__NORMAL_VOL,425,31.06,-0.302,0.61,0.0,True,"{np.int64(2023): -0.365, np.int64(2024): -0.364, np.int64(2025): -0.209, np.int64(2026): -0.238}"
EURUSD,MS_BOS,combined_regime,STRONG_BEAR__NORMAL_VOL,205,31.71,-0.304,0.6,0.0,True,"{np.int64(2023): -0.277, np.int64(2024): -0.291, np.int64(2025): -0.451, np.int64(2026): -0.201}"
EURUSD,MS_BOS,combined_regime,CHOPPY__LOW_VOL,398,32.66,-0.319,0.73,0.0,True,"{np.int64(2023): -0.565, np.int64(2024): -0.455, np.int64(2025): -0.044, np.int64(2026): -0.125}"
EURUSD,MS_BOS,combined_regime,WEAK_BEAR__NORMAL_VOL,25,32.0,-0.352,0.56,50.0,True,"{np.int64(2023): 0.13, np.int64(2024): -0.664, np.int64(2025): None, np.int64(2026): None}"
EURUSD,MS_BOS,combined_regime,RANGING__LOW_VOL,28,32.14,-0.362,0.62,0.0,True,"{np.int64(2023): -0.319, np.int64(2024): -0.395, np.int64(2025): -0.137, np.int64(2026): None}"
EURUSD,MS_BOS,combined_regime,CHOPPY__CONTRACTION,75,33.33,-0.385,0.66,0.0,True,"{np.int64(2023): -0.241, np.int64(2024): -0.305, np.int64(2025): -0.587, np.int64(2026): -0.487}"
EURUSD,MS_BOS,combined_regime,STRONG_BULL__CONTRACTION,18,27.78,-0.441,0.64,0.0,False,"{np.int64(2023): -0.775, np.int64(2024): None, np.int64(2025): -0.388, np.int64(2026): -0.114}"
EURUSD,MS_BOS,combined_regime,STRONG_BULL__EXPANSION,16,25.0,-0.501,0.51,0.0,False,"{np.int64(2023): -0.164, np.int64(2024): None, np.int64(2025): None, np.int64(2026): None}"
EURUSD,MS_BOS,combined_regime,RANGING__NORMAL_VOL,13,15.38,-0.761,0.49,0.0,False,"{np.int64(2023): None, np.int64(2024): None, np.int64(2025): -0.564, np.int64(2026): None}"
EURUSD,MS_BOS,combined_regime,WEAK_BEAR__CONTRACTION,2,0.0,-1.331,0.0,0.0,False,"{np.int64(2023): None, np.int64(2024): None, np.int64(2025): None, np.int64(2026): None}"
EURUSD,MS_BOS,session,NY_LATE,640,38.75,-0.162,0.76,0.0,True,"{np.int64(2023): -0.197, np.int64(2024): -0.256, np.int64(2025): -0.123, np.int64(2026): -0.03}"
EURUSD,MS_BOS,session,LONDON,946,34.14,-0.264,0.76,0.0,True,"{np.int64(2023): -0.302, np.int64(2024): -0.287, np.int64(2025): -0.239, np.int64(2026): -0.199}"
EURUSD,MS_BOS,session,OVERLAP,477,29.77,-0.309,0.62,0.0,True,"{np.int64(2023): -0.297, np.int64(2024): -0.447, np.int64(2025): -0.256, np.int64(2026): -0.194}"
EURUSD,MS_BOS,day_of_week,Monday,398,38.19,-0.148,0.8,25.0,True,"{np.int64(2023): -0.303, np.int64(2024): -0.208, np.int64(2025): -0.048, np.int64(2026): 0.009}"
EURUSD,MS_BOS,day_of_week,Thursday,417,35.25,-0.214,0.71,0.0,True,"{np.int64(2023): -0.253, np.int64(2024): -0.241, np.int64(2025): -0.18, np.int64(2026): -0.14}"
EURUSD,MS_BOS,day_of_week,Wednesday,407,34.15,-0.257,0.7,0.0,True,"{np.int64(2023): -0.205, np.int64(2024): -0.378, np.int64(2025): -0.205, np.int64(2026): -0.227}"
EURUSD,MS_BOS,day_of_week,Friday,387,33.07,-0.272,0.73,0.0,True,"{np.int64(2023): -0.229, np.int64(2024): -0.385, np.int64(2025): -0.288, np.int64(2026): -0.161}"
EURUSD,MS_BOS,day_of_week,Tuesday,454,32.38,-0.314,0.67,0.0,True,"{np.int64(2023): -0.341, np.int64(2024): -0.356, np.int64(2025): -0.292, np.int64(2026): -0.22}"
EURUSD,MS_BOS,spread_bucket,Low (<=1.0p),2063,34.56,-0.243,0.72,0.0,True,"{np.int64(2023): -0.269, np.int64(2024): -0.315, np.int64(2025): -0.205, np.int64(2026): -0.144}"
EURUSD,MS_BOS,htf_alignment,ALIGNED,834,36.69,-0.169,0.78,0.0,True,"{np.int64(2023): -0.26, np.int64(2024): -0.183, np.int64(2025): -0.157, np.int64(2026): -0.016}"
EURUSD,MS_BOS,htf_alignment,NEUTRAL,732,33.06,-0.282,0.67,0.0,True,"{np.int64(2023): -0.179, np.int64(2024): -0.438, np.int64(2025): -0.248, np.int64(2026): -0.257}"
EURUSD,MS_BOS,htf_alignment,OPPOSED,497,33.2,-0.31,0.69,0.0,True,"{np.int64(2023): -0.418, np.int64(2024): -0.367, np.int64(2025): -0.219, np.int64(2026): -0.184}"
EURUSD,MS_BOS,direction_label,LONG,1043,35.0,-0.224,0.75,0.0,True,"{np.int64(2023): -0.281, np.int64(2024): -0.272, np.int64(2025): -0.114, np.int64(2026): -0.233}"
EURUSD,MS_BOS,direction_label,SHORT,1020,34.12,-0.262,0.69,0.0,True,"{np.int64(2023): -0.257, np.int64(2024): -0.359, np.int64(2025): -0.314, np.int64(2026): -0.062}"
GBPUSD,TF_PB,atr_bucket,80-100% (Highest),36,50.0,0.238,1.54,100.0,True,"{np.int64(2023): 0.207, np.int64(2024): 0.108, np.int64(2025): 0.228, np.int64(2026): 0.643}"
GBPUSD,TF_PB,atr_bucket,20-40% (Low),200,37.5,-0.135,0.84,25.0,True,"{np.int64(2023): 0.072, np.int64(2024): -0.089, np.int64(2025): -0.286, np.int64(2026): -0.213}"
GBPUSD,TF_PB,atr_bucket,40-60% (Mid),154,35.71,-0.143,0.82,0.0,True,"{np.int64(2023): -0.402, np.int64(2024): -0.035, np.int64(2025): -0.067, np.int64(2026): -0.028}"
GBPUSD,TF_PB,atr_bucket,60-80% (High),59,30.51,-0.307,0.7,25.0,True,"{np.int64(2023): 0.423, np.int64(2024): -0.353, np.int64(2025): -0.794, np.int64(2026): -0.543}"
GBPUSD,TF_PB,atr_bucket,0-20% (Lowest),250,30.4,-0.497,0.51,0.0,True,"{np.int64(2023): -0.543, np.int64(2024): -0.359, np.int64(2025): -0.674, np.int64(2026): -0.406}"
GBPUSD,TF_PB,adx_bucket,High (>28),497,34.61,-0.26,0.76,0.0,True,"{np.int64(2023): -0.131, np.int64(2024): -0.27, np.int64(2025): -0.35, np.int64(2026): -0.284}"
GBPUSD,TF_PB,adx_bucket,Medium (18-28),202,34.65,-0.265,0.79,25.0,True,"{np.int64(2023): -0.483, np.int64(2024): 0.049, np.int64(2025): -0.424, np.int64(2026): -0.173}"
GBPUSD,TF_PB,trend_regime,STRONG_BEAR,185,36.76,-0.208,0.87,0.0,True,"{np.int64(2023): -0.15, np.int64(2024): -0.035, np.int64(2025): -0.491, np.int64(2026): -0.087}"
GBPUSD,TF_PB,trend_regime,STRONG_BULL,209,34.93,-0.25,0.66,0.0,True,"{np.int64(2023): -0.163, np.int64(2024): -0.155, np.int64(2025): -0.364, np.int64(2026): -0.367}"
GBPUSD,TF_PB,trend_regime,WEAK_BULL,162,33.95,-0.273,0.78,0.0,True,"{np.int64(2023): -0.259, np.int64(2024): -0.041, np.int64(2025): -0.253, np.int64(2026): -0.662}"
GBPUSD,TF_PB,trend_regime,WEAK_BEAR,143,32.17,-0.336,0.8,25.0,True,"{np.int64(2023): -0.431, np.int64(2024): -0.544, np.int64(2025): -0.367, np.int64(2026): 0.076}"
GBPUSD,TF_PB,vol_regime,EXPANSION,2,100.0,1.836,99.0,0.0,False,"{np.int64(2023): None, np.int64(2024): None, np.int64(2025): None, np.int64(2026): None}"
GBPUSD,TF_PB,vol_regime,HIGH_VOL,45,48.89,0.24,1.51,100.0,True,"{np.int64(2023): 0.452, np.int64(2024): 0.135, np.int64(2025): 0.02, np.int64(2026): 0.57}"
GBPUSD,TF_PB,vol_regime,NORMAL_VOL,248,35.08,-0.183,0.78,0.0,True,"{np.int64(2023): -0.08, np.int64(2024): -0.078, np.int64(2025): -0.38, np.int64(2026): -0.158}"
GBPUSD,TF_PB,vol_regime,LOW_VOL,306,32.68,-0.337,0.66,0.0,True,"{np.int64(2023): -0.393, np.int64(2024): -0.271, np.int64(2025): -0.325, np.int64(2026): -0.379}"
GBPUSD,TF_PB,vol_regime,CONTRACTION,98,31.63,-0.497,0.49,0.0,True,"{np.int64(2023): -0.452, np.int64(2024): -0.433, np.int64(2025): -0.812, np.int64(2026): -0.353}"
GBPUSD,TF_PB,combined_regime,STRONG_BEAR__EXPANSION,2,100.0,1.836,99.0,0.0,False,"{np.int64(2023): None, np.int64(2024): None, np.int64(2025): None, np.int64(2026): None}"
GBPUSD,TF_PB,combined_regime,WEAK_BULL__HIGH_VOL,4,100.0,1.75,99.0,0.0,False,"{np.int64(2023): None, np.int64(2024): None, np.int64(2025): None, np.int64(2026): None}"
GBPUSD,TF_PB,combined_regime,WEAK_BEAR__HIGH_VOL,8,62.5,0.752,5.84,0.0,False,"{np.int64(2023): None, np.int64(2024): None, np.int64(2025): None, np.int64(2026): None}"
GBPUSD,TF_PB,combined_regime,STRONG_BEAR__HIGH_VOL,16,56.25,0.332,1.39,100.0,False,"{np.int64(2023): None, np.int64(2024): 1.022, np.int64(2025): 0.059, np.int64(2026): None}"
GBPUSD,TF_PB,combined_regime,STRONG_BEAR__CONTRACTION,21,47.62,-0.037,0.98,50.0,False,"{np.int64(2023): None, np.int64(2024): -0.275, np.int64(2025): None, np.int64(2026): 0.35}"
GBPUSD,TF_PB,combined_regime,STRONG_BULL__CONTRACTION,29,44.83,-0.105,0.75,33.3,True,"{np.int64(2023): -0.285, np.int64(2024): 0.545, np.int64(2025): None, np.int64(2026): -0.277}"
GBPUSD,TF_PB,combined_regime,STRONG_BULL__NORMAL_VOL,78,37.18,-0.121,0.75,25.0,True,"{np.int64(2023): -0.092, np.int64(2024): 0.118, np.int64(2025): -0.081, np.int64(2026): -0.891}"
GBPUSD,TF_PB,combined_regime,WEAK_BULL__NORMAL_VOL,44,36.36,-0.124,0.8,50.0,True,"{np.int64(2023): 0.029, np.int64(2024): 0.138, np.int64(2025): -0.382, np.int64(2026): -0.212}"
GBPUSD,TF_PB,combined_regime,STRONG_BEAR__NORMAL_VOL,80,35.0,-0.194,0.83,50.0,True,"{np.int64(2023): 0.106, np.int64(2024): 0.026, np.int64(2025): -0.807, np.int64(2026): -0.053}"
GBPUSD,TF_PB,combined_regime,WEAK_BEAR__LOW_VOL,65,35.38,-0.251,0.66,0.0,True,"{np.int64(2023): -0.175, np.int64(2024): -0.382, np.int64(2025): -0.252, np.int64(2026): -0.194}"
GBPUSD,TF_PB,combined_regime,WEAK_BULL__LOW_VOL,90,34.44,-0.262,0.75,0.0,True,"{np.int64(2023): -0.341, np.int64(2024): -0.009, np.int64(2025): -0.161, np.int64(2026): -0.685}"
GBPUSD,TF_PB,combined_regime,WEAK_BEAR__NORMAL_VOL,46,30.43,-0.327,0.71,25.0,True,"{np.int64(2023): -0.612, np.int64(2024): -0.587, np.int64(2025): -0.305, np.int64(2026): 0.454}"
GBPUSD,TF_PB,combined_regime,STRONG_BULL__LOW_VOL,85,31.76,-0.378,0.6,0.0,True,"{np.int64(2023): -0.372, np.int64(2024): -0.327, np.int64(2025): -0.561, np.int64(2026): -0.159}"
GBPUSD,TF_PB,combined_regime,STRONG_BULL__HIGH_VOL,17,23.53,-0.444,0.49,50.0,False,"{np.int64(2023): 0.683, np.int64(2024): -1.174, np.int64(2025): None, np.int64(2026): None}"
GBPUSD,TF_PB,combined_regime,STRONG_BEAR__LOW_VOL,66,28.79,-0.472,0.63,0.0,True,"{np.int64(2023): -0.713, np.int64(2024): -0.448, np.int64(2025): -0.327, np.int64(2026): -0.492}"
GBPUSD,TF_PB,combined_regime,WEAK_BULL__CONTRACTION,24,16.67,-0.924,0.23,0.0,False,"{np.int64(2023): -0.379, np.int64(2024): -1.059, np.int64(2025): -0.932, np.int64(2026): -1.405}"
GBPUSD,TF_PB,combined_regime,WEAK_BEAR__CONTRACTION,24,16.67,-0.945,0.26,0.0,False,"{np.int64(2023): -1.022, np.int64(2024): -1.034, np.int64(2025): -0.996, np.int64(2026): None}"
GBPUSD,TF_PB,session,NY_LATE,19,47.37,0.25,1.6,100.0,False,"{np.int64(2023): 0.14, np.int64(2024): None, np.int64(2025): 0.817, np.int64(2026): None}"
GBPUSD,TF_PB,session,OVERLAP,267,36.33,-0.15,0.83,0.0,True,"{np.int64(2023): -0.007, np.int64(2024): -0.095, np.int64(2025): -0.321, np.int64(2026): -0.164}"
GBPUSD,TF_PB,session,LONDON,413,32.93,-0.357,0.66,0.0,True,"{np.int64(2023): -0.385, np.int64(2024): -0.264, np.int64(2025): -0.46, np.int64(2026): -0.283}"
GBPUSD,TF_PB,day_of_week,Monday,133,36.84,-0.191,0.9,25.0,True,"{np.int64(2023): -0.141, np.int64(2024): 0.043, np.int64(2025): -0.248, np.int64(2026): -0.527}"
GBPUSD,TF_PB,day_of_week,Tuesday,137,36.5,-0.203,0.9,25.0,True,"{np.int64(2023): 0.005, np.int64(2024): -0.25, np.int64(2025): -0.333, np.int64(2026): -0.187}"
GBPUSD,TF_PB,day_of_week,Thursday,159,33.33,-0.281,0.77,0.0,True,"{np.int64(2023): -0.17, np.int64(2024): -0.277, np.int64(2025): -0.512, np.int64(2026): -0.127}"
GBPUSD,TF_PB,day_of_week,Wednesday,136,34.56,-0.282,0.77,0.0,True,"{np.int64(2023): -0.625, np.int64(2024): -0.312, np.int64(2025): -0.16, np.int64(2026): -0.005}"
GBPUSD,TF_PB,day_of_week,Friday,134,32.09,-0.347,0.55,0.0,True,"{np.int64(2023): -0.246, np.int64(2024): -0.125, np.int64(2025): -0.619, np.int64(2026): -0.542}"
GBPUSD,TF_PB,spread_bucket,Medium (1.0-1.5p),611,34.86,-0.255,0.78,0.0,True,"{np.int64(2023): -0.231, np.int64(2024): -0.183, np.int64(2025): -0.423, np.int64(2026): -0.249}"
GBPUSD,TF_PB,spread_bucket,High (>1.5p),88,32.95,-0.304,0.73,0.0,True,"{np.int64(2023): None, np.int64(2024): None, np.int64(2025): -0.304, np.int64(2026): None}"
GBPUSD,TF_PB,htf_alignment,ALIGNED,469,35.61,-0.227,0.81,0.0,True,"{np.int64(2023): -0.268, np.int64(2024): -0.148, np.int64(2025): -0.363, np.int64(2026): -0.063}"
GBPUSD,TF_PB,htf_alignment,NEUTRAL,230,32.61,-0.332,0.68,0.0,True,"{np.int64(2023): -0.143, np.int64(2024): -0.266, np.int64(2025): -0.388, np.int64(2026): -0.526}"
GBPUSD,TF_PB,direction_label,LONG,371,34.5,-0.26,0.71,0.0,True,"{np.int64(2023): -0.205, np.int64(2024): -0.11, np.int64(2025): -0.314, np.int64(2026): -0.507}"
GBPUSD,TF_PB,direction_label,SHORT,328,34.76,-0.264,0.84,0.0,True,"{np.int64(2023): -0.263, np.int64(2024): -0.269, np.int64(2025): -0.439, np.int64(2026): -0.01}"
GBPUSD,VE_BO,atr_bucket,80-100% (Highest),48,37.5,-0.007,1.0,50.0,True,"{np.int64(2023): 0.669, np.int64(2024): -0.545, np.int64(2025): -0.381, np.int64(2026): 0.406}"
GBPUSD,VE_BO,atr_bucket,20-40% (Low),290,32.76,-0.276,0.71,25.0,True,"{np.int64(2023): -0.343, np.int64(2024): -0.444, np.int64(2025): 0.008, np.int64(2026): -0.284}"
GBPUSD,VE_BO,atr_bucket,60-80% (High),88,29.55,-0.304,0.71,25.0,True,"{np.int64(2023): -0.397, np.int64(2024): -0.832, np.int64(2025): 0.073, np.int64(2026): -0.031}"
GBPUSD,VE_BO,atr_bucket,40-60% (Mid),216,28.24,-0.38,0.59,0.0,True,"{np.int64(2023): -0.189, np.int64(2024): -0.57, np.int64(2025): -0.43, np.int64(2026): -0.335}"
GBPUSD,VE_BO,atr_bucket,0-20% (Lowest),75,26.67,-0.535,0.5,25.0,True,"{np.int64(2023): -0.331, np.int64(2024): -0.811, np.int64(2025): -0.799, np.int64(2026): 0.001}"
GBPUSD,VE_BO,adx_bucket,High (>28),256,32.42,-0.27,0.68,0.0,True,"{np.int64(2023): -0.236, np.int64(2024): -0.455, np.int64(2025): -0.038, np.int64(2026): -0.477}"
GBPUSD,VE_BO,adx_bucket,Medium (18-28),282,30.14,-0.322,0.71,0.0,True,"{np.int64(2023): -0.125, np.int64(2024): -0.638, np.int64(2025): -0.477, np.int64(2026): -0.019}"
GBPUSD,VE_BO,adx_bucket,Low (<18),179,29.05,-0.388,0.63,0.0,True,"{np.int64(2023): -0.448, np.int64(2024): -0.623, np.int64(2025): -0.111, np.int64(2026): -0.211}"
GBPUSD,VE_BO,trend_regime,STRONG_BULL,81,38.27,-0.058,0.89,50.0,True,"{np.int64(2023): 0.229, np.int64(2024): -0.314, np.int64(2025): -0.111, np.int64(2026): 0.003}"
GBPUSD,VE_BO,trend_regime,WEAK_BULL,68,35.29,-0.21,0.86,25.0,True,"{np.int64(2023): -0.304, np.int64(2024): -0.357, np.int64(2025): -0.301, np.int64(2026): 0.339}"
GBPUSD,VE_BO,trend_regime,CHOPPY,427,29.51,-0.362,0.65,0.0,True,"{np.int64(2023): -0.254, np.int64(2024): -0.653, np.int64(2025): -0.295, np.int64(2026): -0.169}"
GBPUSD,VE_BO,trend_regime,STRONG_BEAR,84,28.57,-0.365,0.63,0.0,True,"{np.int64(2023): -0.205, np.int64(2024): -0.765, np.int64(2025): -0.108, np.int64(2026): -0.658}"
GBPUSD,VE_BO,trend_regime,WEAK_BEAR,57,26.32,-0.445,0.49,25.0,True,"{np.int64(2023): -0.798, np.int64(2024): -0.548, np.int64(2025): 0.127, np.int64(2026): -0.515}"
GBPUSD,VE_BO,vol_regime,HIGH_VOL,38,42.11,0.108,1.09,50.0,True,"{np.int64(2023): 0.431, np.int64(2024): -0.183, np.int64(2025): -0.398, np.int64(2026): 1.213}"
GBPUSD,VE_BO,vol_regime,NORMAL_VOL,128,32.81,-0.261,0.69,25.0,True,"{np.int64(2023): -0.505, np.int64(2024): -0.463, np.int64(2025): -0.022, np.int64(2026): 0.081}"
GBPUSD,VE_BO,vol_regime,EXPANSION,172,29.07,-0.339,0.69,0.0,True,"{np.int64(2023): -0.134, np.int64(2024): -0.64, np.int64(2025): -0.238, np.int64(2026): -0.304}"
GBPUSD,VE_BO,vol_regime,LOW_VOL,379,29.55,-0.374,0.62,0.0,True,"{np.int64(2023): -0.252, np.int64(2024): -0.593, np.int64(2025): -0.246, np.int64(2026): -0.401}"
GBPUSD,VE_BO,combined_regime,WEAK_BULL__HIGH_VOL,3,66.67,0.421,3.02,0.0,False,"{np.int64(2023): None, np.int64(2024): None, np.int64(2025): None, np.int64(2026): None}"
GBPUSD,VE_BO,combined_regime,WEAK_BEAR__HIGH_VOL,2,50.0,0.407,1.47,0.0,False,"{np.int64(2023): None, np.int64(2024): None, np.int64(2025): None, np.int64(2026): None}"
GBPUSD,VE_BO,combined_regime,WEAK_BEAR__NORMAL_VOL,9,55.56,0.341,1.42,0.0,False,"{np.int64(2023): None, np.int64(2024): None, np.int64(2025): None, np.int64(2026): None}"
GBPUSD,VE_BO,combined_regime,STRONG_BULL__NORMAL_VOL,18,50.0,0.302,1.16,100.0,False,"{np.int64(2023): 0.567, np.int64(2024): 0.022, np.int64(2025): None, np.int64(2026): None}"
GBPUSD,VE_BO,combined_regime,CHOPPY__HIGH_VOL,23,43.48,0.193,1.29,50.0,False,"{np.int64(2023): 0.653, np.int64(2024): None, np.int64(2025): -0.392, np.int64(2026): None}"
GBPUSD,VE_BO,combined_regime,STRONG_BULL__HIGH_VOL,5,40.0,0.05,0.7,0.0,False,"{np.int64(2023): None, np.int64(2024): None, np.int64(2025): None, np.int64(2026): None}"
GBPUSD,VE_BO,combined_regime,WEAK_BULL__EXPANSION,19,42.11,0.03,1.29,0.0,False,"{np.int64(2023): None, np.int64(2024): -0.446, np.int64(2025): None, np.int64(2026): None}"
GBPUSD,VE_BO,combined_regime,WEAK_BULL__NORMAL_VOL,12,41.67,-0.029,1.24,100.0,False,"{np.int64(2023): None, np.int64(2024): None, np.int64(2025): None, np.int64(2026): 0.93}"
GBPUSD,VE_BO,combined_regime,STRONG_BULL__LOW_VOL,34,38.24,-0.074,1.03,25.0,True,"{np.int64(2023): -0.037, np.int64(2024): -0.423, np.int64(2025): 0.892, np.int64(2026): -0.634}"
GBPUSD,VE_BO,combined_regime,STRONG_BEAR__LOW_VOL,34,38.24,-0.081,1.0,25.0,True,"{np.int64(2023): 0.352, np.int64(2024): -0.55, np.int64(2025): -0.029, np.int64(2026): -0.262}"
GBPUSD,VE_BO,combined_regime,CHOPPY__EXPANSION,93,31.18,-0.273,0.76,0.0,True,"{np.int64(2023): -0.051, np.int64(2024): -0.556, np.int64(2025): -0.079, np.int64(2026): -0.672}"
GBPUSD,VE_BO,combined_regime,STRONG_BULL__EXPANSION,24,29.17,-0.326,0.65,33.3,False,"{np.int64(2023): 0.412, np.int64(2024): -0.605, np.int64(2025): -0.79, np.int64(2026): None}"
GBPUSD,VE_BO,combined_regime,STRONG_BEAR__NORMAL_VOL,22,27.27,-0.413,0.64,0.0,False,"{np.int64(2023): None, np.int64(2024): None, np.int64(2025): -0.018, np.int64(2026): None}"
GBPUSD,VE_BO,combined_regime,CHOPPY__LOW_VOL,244,28.69,-0.414,0.59,0.0,True,"{np.int64(2023): -0.258, np.int64(2024): -0.712, np.int64(2025): -0.404, np.int64(2026): -0.206}"
GBPUSD,VE_BO,combined_regime,WEAK_BULL__LOW_VOL,34,26.47,-0.464,0.47,0.0,True,"{np.int64(2023): -0.684, np.int64(2024): -0.139, np.int64(2025): -0.24, np.int64(2026): None}"
GBPUSD,VE_BO,combined_regime,CHOPPY__NORMAL_VOL,67,25.37,-0.484,0.5,0.0,True,"{np.int64(2023): -0.802, np.int64(2024): -0.599, np.int64(2025): -0.246, np.int64(2026): -0.019}"
GBPUSD,VE_BO,combined_regime,STRONG_BEAR__HIGH_VOL,5,20.0,-0.53,0.35,0.0,False,"{np.int64(2023): None, np.int64(2024): None, np.int64(2025): None, np.int64(2026): None}"
GBPUSD,VE_BO,combined_regime,WEAK_BEAR__LOW_VOL,33,21.21,-0.6,0.36,0.0,True,"{np.int64(2023): -0.604, np.int64(2024): -0.52, np.int64(2025): -0.339, np.int64(2026): -0.905}"
GBPUSD,VE_BO,combined_regime,STRONG_BEAR__EXPANSION,23,17.39,-0.701,0.35,0.0,False,"{np.int64(2023): -0.698, np.int64(2024): -1.271, np.int64(2025): -0.347, np.int64(2026): -0.633}"
GBPUSD,VE_BO,combined_regime,WEAK_BEAR__EXPANSION,13,15.38,-0.726,0.35,0.0,False,"{np.int64(2023): None, np.int64(2024): None, np.int64(2025): None, np.int64(2026): None}"
GBPUSD,VE_BO,session,NY_LATE,19,31.58,-0.243,0.77,33.3,False,"{np.int64(2023): -0.733, np.int64(2024): 0.05, np.int64(2025): -0.087, np.int64(2026): None}"
GBPUSD,VE_BO,session,LONDON,406,32.02,-0.301,0.72,0.0,True,"{np.int64(2023): -0.28, np.int64(2024): -0.609, np.int64(2025): -0.031, np.int64(2026): -0.267}"
GBPUSD,VE_BO,session,OVERLAP,292,28.77,-0.352,0.62,0.0,True,"{np.int64(2023): -0.121, np.int64(2024): -0.559, np.int64(2025): -0.507, np.int64(2026): -0.151}"
GBPUSD,VE_BO,day_of_week,Tuesday,150,38.67,-0.088,0.96,75.0,True,"{np.int64(2023): 0.128, np.int64(2024): -0.679, np.int64(2025): 0.236, np.int64(2026): 0.028}"
GBPUSD,VE_BO,day_of_week,Monday,115,31.3,-0.322,0.72,25.0,True,"{np.int64(2023): -0.53, np.int64(2024): -0.562, np.int64(2025): 0.0, np.int64(2026): 0.328}"
GBPUSD,VE_BO,day_of_week,Wednesday,153,28.76,-0.372,0.58,0.0,True,"{np.int64(2023): -0.258, np.int64(2024): -0.37, np.int64(2025): -0.269, np.int64(2026): -0.667}"
GBPUSD,VE_BO,day_of_week,Thursday,164,28.05,-0.381,0.62,0.0,True,"{np.int64(2023): -0.11, np.int64(2024): -0.662, np.int64(2025): -0.464, np.int64(2026): -0.3}"
GBPUSD,VE_BO,day_of_week,Friday,135,26.67,-0.442,0.56,25.0,True,"{np.int64(2023): -0.489, np.int64(2024): -0.558, np.int64(2025): -0.502, np.int64(2026): 0.021}"
GBPUSD,VE_BO,spread_bucket,High (>1.5p),76,35.53,-0.169,0.73,0.0,True,"{np.int64(2023): None, np.int64(2024): None, np.int64(2025): -0.169, np.int64(2026): None}"
GBPUSD,VE_BO,spread_bucket,Medium (1.0-1.5p),641,30.11,-0.338,0.67,0.0,True,"{np.int64(2023): -0.235, np.int64(2024): -0.57, np.int64(2025): -0.247, np.int64(2026): -0.204}"
GBPUSD,VE_BO,htf_alignment,ALIGNED,255,34.51,-0.196,0.76,0.0,True,"{np.int64(2023): -0.111, np.int64(2024): -0.307, np.int64(2025): -0.123, np.int64(2026): -0.283}"
GBPUSD,VE_BO,htf_alignment,OPPOSED,214,29.44,-0.351,0.71,25.0,True,"{np.int64(2023): -0.238, np.int64(2024): -0.668, np.int64(2025): -0.394, np.int64(2026): 0.004}"
GBPUSD,VE_BO,htf_alignment,NEUTRAL,248,27.82,-0.42,0.57,0.0,True,"{np.int64(2023): -0.374, np.int64(2024): -0.783, np.int64(2025): -0.157, np.int64(2026): -0.304}"
GBPUSD,VE_BO,direction_label,LONG,328,32.32,-0.277,0.71,0.0,True,"{np.int64(2023): -0.172, np.int64(2024): -0.423, np.int64(2025): -0.411, np.int64(2026): -0.02}"
GBPUSD,VE_BO,direction_label,SHORT,389,29.31,-0.356,0.65,0.0,True,"{np.int64(2023): -0.29, np.int64(2024): -0.708, np.int64(2025): -0.072, np.int64(2026): -0.361}"
GBPUSD,MR_RG,atr_bucket,20-40% (Low),35,37.14,-0.345,0.48,25.0,True,"{np.int64(2023): -0.835, np.int64(2024): -0.34, np.int64(2025): -0.587, np.int64(2026): 0.412}"
GBPUSD,MR_RG,atr_bucket,40-60% (Mid),12,25.0,-0.564,0.73,100.0,False,"{np.int64(2023): 0.018, np.int64(2024): None, np.int64(2025): None, np.int64(2026): None}"
GBPUSD,MR_RG,atr_bucket,0-20% (Lowest),64,34.38,-0.625,0.42,0.0,True,"{np.int64(2023): -0.666, np.int64(2024): -0.242, np.int64(2025): -0.763, np.int64(2026): -1.068}"
GBPUSD,MR_RG,atr_bucket,60-80% (High),7,0.0,-1.268,0.0,0.0,False,"{np.int64(2023): None, np.int64(2024): None, np.int64(2025): None, np.int64(2026): None}"
GBPUSD,MR_RG,adx_bucket,Medium (18-28),42,35.71,-0.453,0.65,0.0,True,"{np.int64(2023): -0.649, np.int64(2024): -0.416, np.int64(2025): -0.504, np.int64(2026): -0.023}"
GBPUSD,MR_RG,adx_bucket,Low (<18),76,30.26,-0.641,0.34,0.0,True,"{np.int64(2023): -0.553, np.int64(2024): -0.48, np.int64(2025): -0.886, np.int64(2026): -0.738}"
GBPUSD,MR_RG,trend_regime,RANGING,49,40.82,-0.437,0.55,25.0,True,"{np.int64(2023): -0.448, np.int64(2024): 0.017, np.int64(2025): -0.785, np.int64(2026): -0.501}"
GBPUSD,MR_RG,trend_regime,CHOPPY,37,29.73,-0.529,0.46,25.0,True,"{np.int64(2023): -0.608, np.int64(2024): -1.094, np.int64(2025): 0.016, np.int64(2026): -0.431}"
GBPUSD,MR_RG,trend_regime,WEAK_BEAR,12,25.0,-0.668,0.24,0.0,False,"{np.int64(2023): None, np.int64(2024): None, np.int64(2025): None, np.int64(2026): -0.146}"
GBPUSD,MR_RG,trend_regime,WEAK_BULL,20,20.0,-0.935,0.32,0.0,False,"{np.int64(2023): -0.641, np.int64(2024): None, np.int64(2025): -1.441, np.int64(2026): None}"
GBPUSD,MR_RG,vol_regime,LOW_VOL,25,36.0,-0.505,0.42,25.0,True,"{np.int64(2023): -0.504, np.int64(2024): 0.232, np.int64(2025): -0.861, np.int64(2026): -0.967}"
GBPUSD,MR_RG,vol_regime,CONTRACTION,56,37.5,-0.526,0.5,0.0,True,"{np.int64(2023): -0.603, np.int64(2024): -0.365, np.int64(2025): -0.676, np.int64(2026): -0.216}"
GBPUSD,MR_RG,vol_regime,NORMAL_VOL,31,22.58,-0.665,0.37,0.0,True,"{np.int64(2023): -0.634, np.int64(2024): -0.949, np.int64(2025): -0.604, np.int64(2026): -0.484}"
GBPUSD,MR_RG,vol_regime,EXPANSION,5,20.0,-0.739,0.52,0.0,False,"{np.int64(2023): None, np.int64(2024): None, np.int64(2025): None, np.int64(2026): None}"
GBPUSD,MR_RG,vol_regime,HIGH_VOL,1,0.0,-1.339,0.0,0.0,False,"{np.int64(2023): None, np.int64(2024): None, np.int64(2025): None, np.int64(2026): None}"
GBPUSD,MR_RG,combined_regime,WEAK_BEAR__LOW_VOL,1,100.0,1.117,99.0,0.0,False,"{np.int64(2023): None, np.int64(2024): None, np.int64(2025): None, np.int64(2026): None}"
GBPUSD,MR_RG,combined_regime,WEAK_BULL__EXPANSION,2,50.0,0.053,2.13,0.0,False,"{np.int64(2023): None, np.int64(2024): None, np.int64(2025): None, np.int64(2026): None}"
GBPUSD,MR_RG,combined_regime,CHOPPY__CONTRACTION,7,42.86,-0.231,0.63,0.0,False,"{np.int64(2023): None, np.int64(2024): None, np.int64(2025): None, np.int64(2026): None}"
GBPUSD,MR_RG,combined_regime,RANGING__LOW_VOL,9,44.44,-0.301,0.59,0.0,False,"{np.int64(2023): None, np.int64(2024): None, np.int64(2025): None, np.int64(2026): None}"
GBPUSD,MR_RG,combined_regime,CHOPPY__NORMAL_VOL,16,31.25,-0.374,0.69,0.0,False,"{np.int64(2023): -0.198, np.int64(2024): -1.369, np.int64(2025): None, np.int64(2026): None}"
GBPUSD,MR_RG,combined_regime,RANGING__CONTRACTION,36,41.67,-0.431,0.62,0.0,True,"{np.int64(2023): -0.465, np.int64(2024): -0.349, np.int64(2025): -0.529, np.int64(2026): -0.304}"
GBPUSD,MR_RG,combined_regime,CHOPPY__LOW_VOL,11,27.27,-0.73,0.21,0.0,False,"{np.int64(2023): None, np.int64(2024): None, np.int64(2025): None, np.int64(2026): None}"
GBPUSD,MR_RG,combined_regime,WEAK_BULL__LOW_VOL,4,25.0,-0.749,0.48,0.0,False,"{np.int64(2023): None, np.int64(2024): None, np.int64(2025): None, np.int64(2026): None}"
GBPUSD,MR_RG,combined_regime,WEAK_BEAR__CONTRACTION,4,25.0,-0.765,0.32,0.0,False,"{np.int64(2023): None, np.int64(2024): None, np.int64(2025): None, np.int64(2026): None}"
GBPUSD,MR_RG,combined_regime,RANGING__NORMAL_VOL,4,25.0,-0.8,0.18,0.0,False,"{np.int64(2023): None, np.int64(2024): None, np.int64(2025): None, np.int64(2026): None}"
GBPUSD,MR_RG,combined_regime,WEAK_BEAR__NORMAL_VOL,6,16.67,-0.812,0.13,0.0,False,"{np.int64(2023): None, np.int64(2024): None, np.int64(2025): None, np.int64(2026): None}"
GBPUSD,MR_RG,combined_regime,WEAK_BULL__CONTRACTION,9,22.22,-1.028,0.17,0.0,False,"{np.int64(2023): None, np.int64(2024): None, np.int64(2025): None, np.int64(2026): None}"
GBPUSD,MR_RG,combined_regime,WEAK_BEAR__EXPANSION,1,0.0,-1.204,0.0,0.0,False,"{np.int64(2023): None, np.int64(2024): None, np.int64(2025): None, np.int64(2026): None}"
GBPUSD,MR_RG,combined_regime,CHOPPY__EXPANSION,2,0.0,-1.299,0.0,0.0,False,"{np.int64(2023): None, np.int64(2024): None, np.int64(2025): None, np.int64(2026): None}"
GBPUSD,MR_RG,combined_regime,WEAK_BULL__NORMAL_VOL,5,0.0,-1.309,0.0,0.0,False,"{np.int64(2023): None, np.int64(2024): None, np.int64(2025): None, np.int64(2026): None}"
GBPUSD,MR_RG,combined_regime,CHOPPY__HIGH_VOL,1,0.0,-1.339,0.0,0.0,False,"{np.int64(2023): None, np.int64(2024): None, np.int64(2025): None, np.int64(2026): None}"
GBPUSD,MR_RG,session,LONDON,33,39.39,-0.373,0.52,0.0,True,"{np.int64(2023): -0.367, np.int64(2024): -0.518, np.int64(2025): -0.224, np.int64(2026): None}"
GBPUSD,MR_RG,session,ASIAN,51,33.33,-0.641,0.41,25.0,True,"{np.int64(2023): -0.852, np.int64(2024): 0.084, np.int64(2025): -0.915, np.int64(2026): -0.626}"
GBPUSD,MR_RG,session,OVERLAP,34,23.53,-0.667,0.4,0.0,True,"{np.int64(2023): -0.445, np.int64(2024): -1.062, np.int64(2025): -0.827, np.int64(2026): -0.456}"
GBPUSD,MR_RG,day_of_week,Wednesday,25,48.0,-0.066,0.94,33.3,True,"{np.int64(2023): -0.365, np.int64(2024): 0.014, np.int64(2025): -0.117, np.int64(2026): None}"
GBPUSD,MR_RG,day_of_week,Monday,19,36.84,-0.506,0.45,0.0,False,"{np.int64(2023): -0.637, np.int64(2024): None, np.int64(2025): -1.164, np.int64(2026): None}"
GBPUSD,MR_RG,day_of_week,Thursday,21,28.57,-0.639,0.38,25.0,False,"{np.int64(2023): 0.302, np.int64(2024): -0.975, np.int64(2025): -1.084, np.int64(2026): -0.709}"
GBPUSD,MR_RG,day_of_week,Friday,27,25.93,-0.79,0.21,0.0,True,"{np.int64(2023): -0.959, np.int64(2024): None, np.int64(2025): -0.486, np.int64(2026): None}"
GBPUSD,MR_RG,day_of_week,Tuesday,26,23.08,-0.835,0.36,0.0,True,"{np.int64(2023): -0.675, np.int64(2024): -0.897, np.int64(2025): None, np.int64(2026): -0.771}"
GBPUSD,MR_RG,spread_bucket,Medium (1.0-1.5p),106,33.02,-0.545,0.44,0.0,True,"{np.int64(2023): -0.581, np.int64(2024): -0.458, np.int64(2025): -0.635, np.int64(2026): -0.512}"
GBPUSD,MR_RG,spread_bucket,High (>1.5p),12,25.0,-0.827,0.35,0.0,False,"{np.int64(2023): None, np.int64(2024): None, np.int64(2025): -0.827, np.int64(2026): None}"
GBPUSD,MR_RG,htf_alignment,NEUTRAL,34,41.18,-0.312,0.57,25.0,True,"{np.int64(2023): -0.465, np.int64(2024): 0.117, np.int64(2025): -0.807, np.int64(2026): -0.163}"
GBPUSD,MR_RG,htf_alignment,ALIGNED,34,29.41,-0.604,0.46,33.3,True,"{np.int64(2023): 0.023, np.int64(2024): -1.106, np.int64(2025): -0.609, np.int64(2026): None}"
GBPUSD,MR_RG,htf_alignment,OPPOSED,50,28.0,-0.732,0.34,0.0,True,"{np.int64(2023): -0.86, np.int64(2024): -0.451, np.int64(2025): -0.75, np.int64(2026): -0.719}"
GBPUSD,MR_RG,direction_label,LONG,51,31.37,-0.559,0.42,0.0,True,"{np.int64(2023): -0.832, np.int64(2024): -0.725, np.int64(2025): -0.208, np.int64(2026): -0.327}"
GBPUSD,MR_RG,direction_label,SHORT,67,32.84,-0.585,0.44,0.0,True,"{np.int64(2023): -0.417, np.int64(2024): -0.209, np.int64(2025): -0.968, np.int64(2026): -0.767}"
GBPUSD,LDN_MO,atr_bucket,80-100% (Highest),5,40.0,0.057,0.72,0.0,False,"{np.int64(2023): None, np.int64(2024): None, np.int64(2025): None, np.int64(2026): None}"
GBPUSD,LDN_MO,atr_bucket,20-40% (Low),281,35.23,-0.173,0.77,25.0,True,"{np.int64(2023): -0.333, np.int64(2024): 0.006, np.int64(2025): -0.081, np.int64(2026): -0.328}"
GBPUSD,LDN_MO,atr_bucket,40-60% (Mid),64,35.94,-0.208,0.69,0.0,True,"{np.int64(2023): -0.075, np.int64(2024): -0.252, np.int64(2025): -0.246, np.int64(2026): -0.342}"
GBPUSD,LDN_MO,atr_bucket,60-80% (High),16,25.0,-0.297,0.83,50.0,False,"{np.int64(2023): -1.147, np.int64(2024): None, np.int64(2025): 0.062, np.int64(2026): None}"
GBPUSD,LDN_MO,atr_bucket,0-20% (Lowest),540,33.15,-0.299,0.63,0.0,True,"{np.int64(2023): -0.38, np.int64(2024): -0.279, np.int64(2025): -0.252, np.int64(2026): -0.268}"
GBPUSD,LDN_MO,adx_bucket,Low (<18),138,35.51,-0.196,0.78,25.0,True,"{np.int64(2023): -0.335, np.int64(2024): -0.395, np.int64(2025): 0.107, np.int64(2026): -0.082}"
GBPUSD,LDN_MO,adx_bucket,High (>28),474,33.76,-0.245,0.69,0.0,True,"{np.int64(2023): -0.391, np.int64(2024): -0.1, np.int64(2025): -0.222, np.int64(2026): -0.297}"
GBPUSD,LDN_MO,adx_bucket,Medium (18-28),294,33.33,-0.287,0.62,0.0,True,"{np.int64(2023): -0.294, np.int64(2024): -0.226, np.int64(2025): -0.294, np.int64(2026): -0.36}"
GBPUSD,LDN_MO,trend_regime,WEAK_BEAR,49,42.86,0.023,1.11,75.0,True,"{np.int64(2023): -0.54, np.int64(2024): 0.205, np.int64(2025): 0.281, np.int64(2026): 0.256}"
GBPUSD,LDN_MO,trend_regime,STRONG_BULL,157,39.49,-0.084,0.87,25.0,True,"{np.int64(2023): -0.264, np.int64(2024): -0.03, np.int64(2025): -0.067, np.int64(2026): 0.074}"
GBPUSD,LDN_MO,trend_regime,CHOPPY,447,34.23,-0.256,0.63,0.0,True,"{np.int64(2023): -0.401, np.int64(2024): -0.09, np.int64(2025): -0.13, np.int64(2026): -0.438}"
GBPUSD,LDN_MO,trend_regime,RANGING,65,32.31,-0.355,0.62,0.0,True,"{np.int64(2023): -0.078, np.int64(2024): -0.491, np.int64(2025): -0.414, np.int64(2026): -0.379}"
GBPUSD,LDN_MO,trend_regime,WEAK_BULL,49,26.53,-0.388,0.58,0.0,True,"{np.int64(2023): -0.213, np.int64(2024): -0.792, np.int64(2025): -0.273, np.int64(2026): None}"
GBPUSD,LDN_MO,trend_regime,STRONG_BEAR,139,26.62,-0.426,0.59,0.0,True,"{np.int64(2023): -0.351, np.int64(2024): -0.321, np.int64(2025): -0.526, np.int64(2026): -0.518}"
GBPUSD,LDN_MO,vol_regime,HIGH_VOL,5,60.0,0.663,2.38,0.0,False,"{np.int64(2023): None, np.int64(2024): None, np.int64(2025): None, np.int64(2026): None}"
GBPUSD,LDN_MO,vol_regime,NORMAL_VOL,153,35.29,-0.163,0.73,25.0,True,"{np.int64(2023): -0.452, np.int64(2024): 0.137, np.int64(2025): -0.161, np.int64(2026): -0.234}"
GBPUSD,LDN_MO,vol_regime,CONTRACTION,154,36.36,-0.186,0.75,25.0,True,"{np.int64(2023): -0.474, np.int64(2024): -0.136, np.int64(2025): 0.034, np.int64(2026): -0.181}"
GBPUSD,LDN_MO,vol_regime,EXPANSION,36,30.56,-0.215,0.86,50.0,True,"{np.int64(2023): -0.32, np.int64(2024): 0.211, np.int64(2025): 0.083, np.int64(2026): -1.022}"
GBPUSD,LDN_MO,vol_regime,LOW_VOL,558,32.8,-0.304,0.62,0.0,True,"{np.int64(2023): -0.316, np.int64(2024): -0.314, np.int64(2025): -0.286, np.int64(2026): -0.294}"
GBPUSD,LDN_MO,combined_regime,STRONG_BULL__HIGH_VOL,1,100.0,1.946,99.0,0.0,False,"{np.int64(2023): None, np.int64(2024): None, np.int64(2025): None, np.int64(2026): None}"
GBPUSD,LDN_MO,combined_regime,WEAK_BEAR__NORMAL_VOL,14,71.43,0.945,3.54,0.0,False,"{np.int64(2023): None, np.int64(2024): None, np.int64(2025): None, np.int64(2026): None}"
GBPUSD,LDN_MO,combined_regime,CHOPPY__HIGH_VOL,3,66.67,0.83,2.63,0.0,False,"{np.int64(2023): None, np.int64(2024): None, np.int64(2025): None, np.int64(2026): None}"
GBPUSD,LDN_MO,combined_regime,STRONG_BULL__CONTRACTION,39,48.72,0.221,1.27,75.0,True,"{np.int64(2023): -0.32, np.int64(2024): 0.034, np.int64(2025): 0.504, np.int64(2026): 0.625}"
GBPUSD,LDN_MO,combined_regime,CHOPPY__EXPANSION,22,40.91,0.019,1.26,66.7,False,"{np.int64(2023): -0.172, np.int64(2024): 0.388, np.int64(2025): 0.623, np.int64(2026): None}"
GBPUSD,LDN_MO,combined_regime,RANGING__CONTRACTION,24,41.67,-0.037,0.91,33.3,False,"{np.int64(2023): -0.291, np.int64(2024): 0.036, np.int64(2025): -0.057, np.int64(2026): None}"
GBPUSD,LDN_MO,combined_regime,WEAK_BULL__EXPANSION,1,0.0,-0.105,0.0,0.0,False,"{np.int64(2023): None, np.int64(2024): None, np.int64(2025): None, np.int64(2026): None}"
GBPUSD,LDN_MO,combined_regime,STRONG_BULL__LOW_VOL,87,39.08,-0.158,0.79,0.0,True,"{np.int64(2023): -0.17, np.int64(2024): -0.061, np.int64(2025): -0.136, np.int64(2026): -0.426}"
GBPUSD,LDN_MO,combined_regime,STRONG_BEAR__NORMAL_VOL,31,35.48,-0.171,0.82,66.7,True,"{np.int64(2023): 0.286, np.int64(2024): 0.279, np.int64(2025): -0.551, np.int64(2026): None}"
GBPUSD,LDN_MO,combined_regime,WEAK_BULL__NORMAL_VOL,11,27.27,-0.269,0.57,0.0,False,"{np.int64(2023): None, np.int64(2024): None, np.int64(2025): None, np.int64(2026): None}"
GBPUSD,LDN_MO,combined_regime,CHOPPY__LOW_VOL,278,33.81,-0.271,0.6,0.0,True,"{np.int64(2023): -0.335, np.int64(2024): -0.21, np.int64(2025): -0.268, np.int64(2026): -0.234}"
GBPUSD,LDN_MO,combined_regime,CHOPPY__NORMAL_VOL,71,32.39,-0.288,0.54,50.0,True,"{np.int64(2023): -0.796, np.int64(2024): 0.135, np.int64(2025): 0.095, np.int64(2026): -0.82}"
GBPUSD,LDN_MO,combined_regime,CHOPPY__CONTRACTION,73,34.25,-0.294,0.63,0.0,True,"{np.int64(2023): -0.585, np.int64(2024): -0.103, np.int64(2025): -0.033, np.int64(2026): -0.484}"
GBPUSD,LDN_MO,combined_regime,WEAK_BEAR__LOW_VOL,34,32.35,-0.322,0.59,0.0,True,"{np.int64(2023): -0.604, np.int64(2024): -0.233, np.int64(2025): -0.13, np.int64(2026): -0.249}"
GBPUSD,LDN_MO,combined_regime,STRONG_BULL__NORMAL_VOL,25,28.0,-0.327,0.56,25.0,True,"{np.int64(2023): -0.627, np.int64(2024): -0.026, np.int64(2025): -0.829, np.int64(2026): 0.392}"
GBPUSD,LDN_MO,combined_regime,STRONG_BULL__EXPANSION,5,20.0,-0.37,0.67,0.0,False,"{np.int64(2023): None, np.int64(2024): None, np.int64(2025): None, np.int64(2026): None}"
GBPUSD,LDN_MO,combined_regime,STRONG_BEAR__LOW_VOL,86,27.91,-0.404,0.61,0.0,True,"{np.int64(2023): -0.476, np.int64(2024): -0.45, np.int64(2025): -0.429, np.int64(2026): -0.155}"
GBPUSD,LDN_MO,combined_regime,WEAK_BULL__LOW_VOL,33,27.27,-0.425,0.58,0.0,True,"{np.int64(2023): -0.22, np.int64(2024): -0.705, np.int64(2025): -0.218, np.int64(2026): None}"
GBPUSD,LDN_MO,combined_regime,WEAK_BULL__CONTRACTION,4,25.0,-0.484,0.68,0.0,False,"{np.int64(2023): None, np.int64(2024): None, np.int64(2025): None, np.int64(2026): None}"
GBPUSD,LDN_MO,combined_regime,RANGING__LOW_VOL,40,27.5,-0.522,0.48,33.3,True,"{np.int64(2023): 0.088, np.int64(2024): -0.773, np.int64(2025): -0.484, np.int64(2026): None}"
GBPUSD,LDN_MO,combined_regime,STRONG_BEAR__EXPANSION,7,14.29,-0.723,0.35,0.0,False,"{np.int64(2023): None, np.int64(2024): None, np.int64(2025): None, np.int64(2026): None}"
GBPUSD,LDN_MO,combined_regime,STRONG_BEAR__CONTRACTION,14,7.14,-0.931,0.22,0.0,False,"{np.int64(2023): None, np.int64(2024): None, np.int64(2025): None, np.int64(2026): -0.673}"
GBPUSD,LDN_MO,combined_regime,STRONG_BEAR__HIGH_VOL,1,0.0,-1.122,0.0,0.0,False,"{np.int64(2023): None, np.int64(2024): None, np.int64(2025): None, np.int64(2026): None}"
GBPUSD,LDN_MO,combined_regime,WEAK_BEAR__EXPANSION,1,0.0,-1.15,0.0,0.0,False,"{np.int64(2023): None, np.int64(2024): None, np.int64(2025): None, np.int64(2026): None}"
GBPUSD,LDN_MO,combined_regime,RANGING__NORMAL_VOL,1,0.0,-1.295,0.0,0.0,False,"{np.int64(2023): None, np.int64(2024): None, np.int64(2025): None, np.int64(2026): None}"
GBPUSD,LDN_MO,session,LONDON,906,33.89,-0.251,0.68,0.0,True,"{np.int64(2023): -0.35, np.int64(2024): -0.184, np.int64(2025): -0.197, np.int64(2026): -0.288}"
GBPUSD,LDN_MO,day_of_week,Tuesday,198,35.86,-0.17,0.8,0.0,True,"{np.int64(2023): -0.15, np.int64(2024): -0.059, np.int64(2025): -0.281, np.int64(2026): -0.173}"
GBPUSD,LDN_MO,day_of_week,Wednesday,193,35.75,-0.185,0.73,0.0,True,"{np.int64(2023): -0.077, np.int64(2024): -0.23, np.int64(2025): -0.158, np.int64(2026): -0.335}"
GBPUSD,LDN_MO,day_of_week,Thursday,173,34.1,-0.219,0.72,0.0,True,"{np.int64(2023): -0.057, np.int64(2024): -0.273, np.int64(2025): -0.176, np.int64(2026): -0.458}"
GBPUSD,LDN_MO,day_of_week,Monday,149,34.23,-0.303,0.65,25.0,True,"{np.int64(2023): -0.714, np.int64(2024): -0.088, np.int64(2025): -0.25, np.int64(2026): 0.201}"
GBPUSD,LDN_MO,day_of_week,Friday,193,29.53,-0.391,0.52,0.0,True,"{np.int64(2023): -0.725, np.int64(2024): -0.239, np.int64(2025): -0.117, np.int64(2026): -0.502}"
GBPUSD,LDN_MO,spread_bucket,High (>1.5p),95,36.84,-0.187,0.77,0.0,True,"{np.int64(2023): None, np.int64(2024): None, np.int64(2025): -0.187, np.int64(2026): None}"
GBPUSD,LDN_MO,spread_bucket,Medium (1.0-1.5p),811,33.54,-0.259,0.67,0.0,True,"{np.int64(2023): -0.35, np.int64(2024): -0.184, np.int64(2025): -0.203, np.int64(2026): -0.288}"
GBPUSD,LDN_MO,htf_alignment,ALIGNED,325,36.31,-0.158,0.8,25.0,True,"{np.int64(2023): -0.381, np.int64(2024): -0.146, np.int64(2025): -0.071, np.int64(2026): 0.075}"
GBPUSD,LDN_MO,htf_alignment,OPPOSED,267,34.83,-0.256,0.63,0.0,True,"{np.int64(2023): -0.306, np.int64(2024): -0.224, np.int64(2025): -0.167, np.int64(2026): -0.353}"
GBPUSD,LDN_MO,htf_alignment,NEUTRAL,314,30.57,-0.345,0.6,0.0,True,"{np.int64(2023): -0.363, np.int64(2024): -0.194, np.int64(2025): -0.359, np.int64(2026): -0.499}"
GBPUSD,LDN_MO,direction_label,LONG,491,34.83,-0.232,0.68,0.0,True,"{np.int64(2023): -0.394, np.int64(2024): -0.211, np.int64(2025): -0.143, np.int64(2026): -0.114}"
GBPUSD,LDN_MO,direction_label,SHORT,415,32.77,-0.275,0.68,0.0,True,"{np.int64(2023): -0.296, np.int64(2024): -0.148, np.int64(2025): -0.257, np.int64(2026): -0.454}"
GBPUSD,MS_BOS,atr_bucket,60-80% (High),319,36.68,-0.147,0.79,0.0,True,"{np.int64(2023): -0.042, np.int64(2024): -0.106, np.int64(2025): -0.305, np.int64(2026): -0.132}"
GBPUSD,MS_BOS,atr_bucket,80-100% (Highest),251,37.85,-0.164,0.74,0.0,True,"{np.int64(2023): -0.031, np.int64(2024): -0.185, np.int64(2025): -0.184, np.int64(2026): -0.322}"
GBPUSD,MS_BOS,atr_bucket,40-60% (Mid),515,33.79,-0.247,0.67,0.0,True,"{np.int64(2023): -0.248, np.int64(2024): -0.247, np.int64(2025): -0.166, np.int64(2026): -0.357}"
GBPUSD,MS_BOS,atr_bucket,20-40% (Low),589,31.58,-0.324,0.62,0.0,True,"{np.int64(2023): -0.189, np.int64(2024): -0.369, np.int64(2025): -0.43, np.int64(2026): -0.289}"
GBPUSD,MS_BOS,atr_bucket,0-20% (Lowest),497,31.99,-0.434,0.57,0.0,True,"{np.int64(2023): -0.507, np.int64(2024): -0.417, np.int64(2025): -0.391, np.int64(2026): -0.419}"
GBPUSD,MS_BOS,adx_bucket,Medium (18-28),608,35.03,-0.237,0.74,0.0,True,"{np.int64(2023): -0.222, np.int64(2024): -0.268, np.int64(2025): -0.142, np.int64(2026): -0.349}"
GBPUSD,MS_BOS,adx_bucket,High (>28),1341,33.48,-0.3,0.65,0.0,True,"{np.int64(2023): -0.242, np.int64(2024): -0.287, np.int64(2025): -0.347, np.int64(2026): -0.347}"
GBPUSD,MS_BOS,adx_bucket,Low (<18),222,31.08,-0.336,0.64,0.0,True,"{np.int64(2023): -0.185, np.int64(2024): -0.464, np.int64(2025): -0.496, np.int64(2026): -0.015}"
GBPUSD,MS_BOS,trend_regime,WEAK_BEAR,83,33.73,-0.243,0.84,0.0,True,"{np.int64(2023): -0.321, np.int64(2024): -0.123, np.int64(2025): -0.072, np.int64(2026): -0.612}"
GBPUSD,MS_BOS,trend_regime,CHOPPY,1043,35.0,-0.247,0.72,0.0,True,"{np.int64(2023): -0.091, np.int64(2024): -0.326, np.int64(2025): -0.286, np.int64(2026): -0.319}"
GBPUSD,MS_BOS,trend_regime,WEAK_BULL,110,34.55,-0.261,0.68,25.0,True,"{np.int64(2023): -0.294, np.int64(2024): -0.267, np.int64(2025): -0.429, np.int64(2026): 0.176}"
GBPUSD,MS_BOS,trend_regime,STRONG_BEAR,416,34.38,-0.263,0.67,0.0,True,"{np.int64(2023): -0.424, np.int64(2024): -0.023, np.int64(2025): -0.285, np.int64(2026): -0.349}"
GBPUSD,MS_BOS,trend_regime,STRONG_BULL,470,30.21,-0.39,0.57,0.0,True,"{np.int64(2023): -0.346, np.int64(2024): -0.479, np.int64(2025): -0.372, np.int64(2026): -0.333}"
GBPUSD,MS_BOS,trend_regime,RANGING,49,30.61,-0.461,0.47,0.0,True,"{np.int64(2023): -0.445, np.int64(2024): -0.592, np.int64(2025): -0.333, np.int64(2026): None}"
GBPUSD,MS_BOS,vol_regime,EXPANSION,136,38.97,-0.07,1.03,50.0,True,"{np.int64(2023): 0.333, np.int64(2024): -0.548, np.int64(2025): -0.398, np.int64(2026): 0.199}"
GBPUSD,MS_BOS,vol_regime,HIGH_VOL,266,37.59,-0.145,0.77,0.0,True,"{np.int64(2023): -0.05, np.int64(2024): -0.103, np.int64(2025): -0.237, np.int64(2026): -0.238}"
GBPUSD,MS_BOS,vol_regime,NORMAL_VOL,981,33.23,-0.273,0.64,0.0,True,"{np.int64(2023): -0.235, np.int64(2024): -0.294, np.int64(2025): -0.239, np.int64(2026): -0.354}"
GBPUSD,MS_BOS,vol_regime,LOW_VOL,656,31.86,-0.377,0.59,0.0,True,"{np.int64(2023): -0.336, np.int64(2024): -0.371, np.int64(2025): -0.418, np.int64(2026): -0.394}"
GBPUSD,MS_BOS,vol_regime,CONTRACTION,132,32.58,-0.441,0.57,0.0,True,"{np.int64(2023): -0.913, np.int64(2024): -0.173, np.int64(2025): -0.381, np.int64(2026): -0.401}"
GBPUSD,MS_BOS,combined_regime,WEAK_BEAR__HIGH_VOL,11,63.64,0.404,1.96,0.0,False,"{np.int64(2023): None, np.int64(2024): None, np.int64(2025): None, np.int64(2026): None}"
GBPUSD,MS_BOS,combined_regime,WEAK_BULL__CONTRACTION,5,60.0,0.369,1.89,0.0,False,"{np.int64(2023): None, np.int64(2024): None, np.int64(2025): None, np.int64(2026): None}"
GBPUSD,MS_BOS,combined_regime,WEAK_BULL__HIGH_VOL,13,53.85,0.25,1.47,100.0,False,"{np.int64(2023): 0.235, np.int64(2024): None, np.int64(2025): 0.262, np.int64(2026): None}"
GBPUSD,MS_BOS,combined_regime,STRONG_BEAR__EXPANSION,18,44.44,0.138,1.17,100.0,False,"{np.int64(2023): 0.355, np.int64(2024): None, np.int64(2025): 0.597, np.int64(2026): None}"
GBPUSD,MS_BOS,combined_regime,WEAK_BEAR__CONTRACTION,2,50.0,0.104,0.86,0.0,False,"{np.int64(2023): None, np.int64(2024): None, np.int64(2025): None, np.int64(2026): None}"
GBPUSD,MS_BOS,combined_regime,CHOPPY__HIGH_VOL,99,41.41,-0.03,0.92,50.0,True,"{np.int64(2023): 0.015, np.int64(2024): 0.138, np.int64(2025): -0.249, np.int64(2026): -0.057}"
GBPUSD,MS_BOS,combined_regime,CHOPPY__EXPANSION,73,41.1,-0.032,1.04,50.0,True,"{np.int64(2023): 0.549, np.int64(2024): -0.424, np.int64(2025): -0.814, np.int64(2026): 0.087}"
GBPUSD,MS_BOS,combined_regime,WEAK_BEAR__NORMAL_VOL,26,34.62,-0.084,0.76,0.0,True,"{np.int64(2023): -0.623, np.int64(2024): None, np.int64(2025): -0.171, np.int64(2026): -0.021}"
GBPUSD,MS_BOS,combined_regime,WEAK_BULL__EXPANSION,12,41.67,-0.086,0.96,0.0,False,"{np.int64(2023): None, np.int64(2024): None, np.int64(2025): None, np.int64(2026): None}"
GBPUSD,MS_BOS,combined_regime,WEAK_BEAR__EXPANSION,11,36.36,-0.104,1.74,0.0,False,"{np.int64(2023): None, np.int64(2024): None, np.int64(2025): None, np.int64(2026): None}"
GBPUSD,MS_BOS,combined_regime,STRONG_BULL__CONTRACTION,33,42.42,-0.14,0.96,33.3,True,"{np.int64(2023): None, np.int64(2024): 0.142, np.int64(2025): -0.144, np.int64(2026): -0.232}"
GBPUSD,MS_BOS,combined_regime,STRONG_BEAR__NORMAL_VOL,227,36.12,-0.202,0.72,25.0,True,"{np.int64(2023): -0.436, np.int64(2024): 0.074, np.int64(2025): -0.114, np.int64(2026): -0.309}"
GBPUSD,MS_BOS,combined_regime,WEAK_BULL__LOW_VOL,34,35.29,-0.219,0.65,0.0,True,"{np.int64(2023): -0.209, np.int64(2024): -0.012, np.int64(2025): -0.503, np.int64(2026): -0.337}"
GBPUSD,MS_BOS,combined_regime,CHOPPY__NORMAL_VOL,451,34.59,-0.224,0.69,25.0,True,"{np.int64(2023): 0.004, np.int64(2024): -0.334, np.int64(2025): -0.231, np.int64(2026): -0.4}"
GBPUSD,MS_BOS,combined_regime,RANGING__LOW_VOL,30,36.67,-0.243,0.7,0.0,True,"{np.int64(2023): -0.501, np.int64(2024): -0.321, np.int64(2025): -0.026, np.int64(2026): None}"
GBPUSD,MS_BOS,combined_regime,STRONG_BULL__HIGH_VOL,63,31.75,-0.283,0.6,25.0,True,"{np.int64(2023): 0.236, np.int64(2024): -0.624, np.int64(2025): -0.345, np.int64(2026): -0.588}"
GBPUSD,MS_BOS,combined_regime,STRONG_BEAR__CONTRACTION,17,35.29,-0.297,0.67,50.0,False,"{np.int64(2023): None, np.int64(2024): 0.078, np.int64(2025): None, np.int64(2026): -0.403}"
GBPUSD,MS_BOS,combined_regime,CHOPPY__LOW_VOL,358,34.08,-0.307,0.65,0.0,True,"{np.int64(2023): -0.204, np.int64(2024): -0.457, np.int64(2025): -0.238, np.int64(2026): -0.314}"
GBPUSD,MS_BOS,combined_regime,STRONG_BEAR__HIGH_VOL,80,31.25,-0.319,0.58,0.0,True,"{np.int64(2023): -0.365, np.int64(2024): -0.173, np.int64(2025): -0.446, np.int64(2026): -0.309}"
GBPUSD,MS_BOS,combined_regime,STRONG_BULL__EXPANSION,22,27.27,-0.34,0.68,0.0,False,"{np.int64(2023): -0.316, np.int64(2024): -0.763, np.int64(2025): -0.376, np.int64(2026): None}"
GBPUSD,MS_BOS,combined_regime,STRONG_BULL__NORMAL_VOL,225,29.78,-0.391,0.54,0.0,True,"{np.int64(2023): -0.387, np.int64(2024): -0.587, np.int64(2025): -0.28, np.int64(2026): -0.278}"
GBPUSD,MS_BOS,combined_regime,STRONG_BEAR__LOW_VOL,74,29.73,-0.481,0.5,0.0,True,"{np.int64(2023): -0.616, np.int64(2024): -0.018, np.int64(2025): -0.781, np.int64(2026): -0.469}"
GBPUSD,MS_BOS,combined_regime,STRONG_BULL__LOW_VOL,127,27.56,-0.516,0.52,0.0,True,"{np.int64(2023): -0.638, np.int64(2024): -0.355, np.int64(2025): -0.617, np.int64(2026): -0.501}"
GBPUSD,MS_BOS,combined_regime,WEAK_BULL__NORMAL_VOL,46,23.91,-0.55,0.44,0.0,True,"{np.int64(2023): -0.496, np.int64(2024): -0.669, np.int64(2025): -0.438, np.int64(2026): -0.774}"
GBPUSD,MS_BOS,combined_regime,WEAK_BEAR__LOW_VOL,33,21.21,-0.65,0.33,0.0,True,"{np.int64(2023): -0.2, np.int64(2024): -0.655, np.int64(2025): -0.654, np.int64(2026): None}"
GBPUSD,MS_BOS,combined_regime,CHOPPY__CONTRACTION,62,25.81,-0.655,0.39,0.0,True,"{np.int64(2023): -1.125, np.int64(2024): -0.195, np.int64(2025): -0.56, np.int64(2026): -0.769}"
GBPUSD,MS_BOS,combined_regime,RANGING__CONTRACTION,13,23.08,-0.765,0.24,0.0,False,"{np.int64(2023): None, np.int64(2024): None, np.int64(2025): -0.467, np.int64(2026): None}"
GBPUSD,MS_BOS,combined_regime,RANGING__NORMAL_VOL,6,16.67,-0.894,0.18,0.0,False,"{np.int64(2023): None, np.int64(2024): None, np.int64(2025): None, np.int64(2026): None}"
GBPUSD,MS_BOS,session,NY_LATE,662,36.71,-0.221,0.68,0.0,True,"{np.int64(2023): -0.2, np.int64(2024): -0.172, np.int64(2025): -0.218, np.int64(2026): -0.334}"
GBPUSD,MS_BOS,session,OVERLAP,490,31.02,-0.281,0.69,0.0,True,"{np.int64(2023): -0.085, np.int64(2024): -0.396, np.int64(2025): -0.323, np.int64(2026): -0.333}"
GBPUSD,MS_BOS,session,LONDON,1019,32.97,-0.332,0.66,0.0,True,"{np.int64(2023): -0.318, np.int64(2024): -0.335, np.int64(2025): -0.358, np.int64(2026): -0.301}"
GBPUSD,MS_BOS,day_of_week,Thursday,455,36.92,-0.18,0.82,0.0,True,"{np.int64(2023): -0.053, np.int64(2024): -0.215, np.int64(2025): -0.207, np.int64(2026): -0.281}"
GBPUSD,MS_BOS,day_of_week,Tuesday,446,35.43,-0.224,0.75,0.0,True,"{np.int64(2023): -0.133, np.int64(2024): -0.297, np.int64(2025): -0.264, np.int64(2026): -0.164}"
GBPUSD,MS_BOS,day_of_week,Monday,407,33.66,-0.282,0.69,0.0,True,"{np.int64(2023): -0.303, np.int64(2024): -0.266, np.int64(2025): -0.331, np.int64(2026): -0.202}"
GBPUSD,MS_BOS,day_of_week,Wednesday,433,33.26,-0.318,0.6,0.0,True,"{np.int64(2023): -0.27, np.int64(2024): -0.359, np.int64(2025): -0.27, np.int64(2026): -0.438}"
GBPUSD,MS_BOS,day_of_week,Friday,430,28.84,-0.435,0.52,0.0,True,"{np.int64(2023): -0.404, np.int64(2024): -0.38, np.int64(2025): -0.481, np.int64(2026): -0.508}"
GBPUSD,MS_BOS,spread_bucket,High (>1.5p),254,34.65,-0.278,0.65,0.0,True,"{np.int64(2023): None, np.int64(2024): None, np.int64(2025): -0.278, np.int64(2026): None}"
GBPUSD,MS_BOS,spread_bucket,Medium (1.0-1.5p),1917,33.54,-0.288,0.68,0.0,True,"{np.int64(2023): -0.231, np.int64(2024): -0.3, np.int64(2025): -0.33, np.int64(2026): -0.319}"
GBPUSD,MS_BOS,htf_alignment,ALIGNED,892,33.97,-0.265,0.7,0.0,True,"{np.int64(2023): -0.277, np.int64(2024): -0.293, np.int64(2025): -0.23, np.int64(2026): -0.252}"
GBPUSD,MS_BOS,htf_alignment,NEUTRAL,769,33.68,-0.287,0.65,0.0,True,"{np.int64(2023): -0.191, np.int64(2024): -0.152, np.int64(2025): -0.387, np.int64(2026): -0.474}"
GBPUSD,MS_BOS,htf_alignment,OPPOSED,510,33.14,-0.323,0.65,0.0,True,"{np.int64(2023): -0.211, np.int64(2024): -0.525, np.int64(2025): -0.327, np.int64(2026): -0.162}"
GBPUSD,MS_BOS,direction_label,SHORT,1044,34.1,-0.267,0.69,0.0,True,"{np.int64(2023): -0.281, np.int64(2024): -0.205, np.int64(2025): -0.271, np.int64(2026): -0.337}"
GBPUSD,MS_BOS,direction_label,LONG,1127,33.27,-0.304,0.65,0.0,True,"{np.int64(2023): -0.18, np.int64(2024): -0.382, np.int64(2025): -0.341, np.int64(2026): -0.303}"
USDJPY,TF_PB,atr_bucket,80-100% (Highest),39,33.33,-0.072,1.09,25.0,True,"{np.int64(2023): 0.425, np.int64(2024): -0.054, np.int64(2025): -0.317, np.int64(2026): -0.443}"
USDJPY,TF_PB,atr_bucket,20-40% (Low),233,33.91,-0.163,0.81,25.0,True,"{np.int64(2023): 0.018, np.int64(2024): -0.256, np.int64(2025): -0.161, np.int64(2026): -0.317}"
USDJPY,TF_PB,atr_bucket,0-20% (Lowest),189,34.39,-0.241,0.73,0.0,True,"{np.int64(2023): -0.15, np.int64(2024): -0.299, np.int64(2025): -0.328, np.int64(2026): -0.201}"
USDJPY,TF_PB,atr_bucket,40-60% (Mid),145,31.72,-0.241,0.75,25.0,True,"{np.int64(2023): -0.41, np.int64(2024): 0.099, np.int64(2025): -0.218, np.int64(2026): -0.566}"
USDJPY,TF_PB,atr_bucket,60-80% (High),61,29.51,-0.27,0.7,0.0,True,"{np.int64(2023): -0.202, np.int64(2024): -0.215, np.int64(2025): -0.297, np.int64(2026): -0.472}"
USDJPY,TF_PB,adx_bucket,Medium (18-28),197,35.03,-0.163,0.84,25.0,True,"{np.int64(2023): 0.167, np.int64(2024): -0.282, np.int64(2025): -0.198, np.int64(2026): -0.456}"
USDJPY,TF_PB,adx_bucket,High (>28),470,32.34,-0.224,0.77,0.0,True,"{np.int64(2023): -0.228, np.int64(2024): -0.133, np.int64(2025): -0.255, np.int64(2026): -0.319}"
USDJPY,TF_PB,trend_regime,WEAK_BULL,219,36.53,-0.147,0.95,0.0,True,"{np.int64(2023): -0.165, np.int64(2024): -0.105, np.int64(2025): -0.059, np.int64(2026): -0.266}"
USDJPY,TF_PB,trend_regime,WEAK_BEAR,110,32.73,-0.164,0.85,0.0,True,"{np.int64(2023): -0.172, np.int64(2024): -0.197, np.int64(2025): -0.101, np.int64(2026): -0.261}"
USDJPY,TF_PB,trend_regime,STRONG_BEAR,147,30.61,-0.219,0.71,25.0,True,"{np.int64(2023): 0.052, np.int64(2024): -0.336, np.int64(2025): -0.163, np.int64(2026): -0.654}"
USDJPY,TF_PB,trend_regime,STRONG_BULL,191,31.41,-0.29,0.67,0.0,True,"{np.int64(2023): -0.161, np.int64(2024): -0.181, np.int64(2025): -0.639, np.int64(2026): -0.304}"
USDJPY,TF_PB,vol_regime,HIGH_VOL,43,39.53,0.098,1.35,50.0,True,"{np.int64(2023): 0.555, np.int64(2024): 0.017, np.int64(2025): -0.221, np.int64(2026): -0.048}"
USDJPY,TF_PB,vol_regime,LOW_VOL,267,35.96,-0.136,0.87,25.0,True,"{np.int64(2023): 0.121, np.int64(2024): -0.281, np.int64(2025): -0.194, np.int64(2026): -0.262}"
USDJPY,TF_PB,vol_regime,CONTRACTION,82,32.93,-0.277,0.63,25.0,True,"{np.int64(2023): -0.67, np.int64(2024): 0.198, np.int64(2025): -0.467, np.int64(2026): -0.221}"
USDJPY,TF_PB,vol_regime,NORMAL_VOL,274,29.56,-0.298,0.66,0.0,True,"{np.int64(2023): -0.302, np.int64(2024): -0.203, np.int64(2025): -0.222, np.int64(2026): -0.594}"
USDJPY,TF_PB,vol_regime,EXPANSION,1,0.0,-1.139,0.0,0.0,False,"{np.int64(2023): None, np.int64(2024): None, np.int64(2025): None, np.int64(2026): None}"
USDJPY,TF_PB,combined_regime,WEAK_BULL__HIGH_VOL,10,70.0,0.898,6.72,100.0,False,"{np.int64(2023): None, np.int64(2024): 0.697, np.int64(2025): None, np.int64(2026): None}"
USDJPY,TF_PB,combined_regime,STRONG_BULL__HIGH_VOL,6,50.0,0.409,2.25,0.0,False,"{np.int64(2023): None, np.int64(2024): None, np.int64(2025): None, np.int64(2026): None}"
USDJPY,TF_PB,combined_regime,WEAK_BEAR__NORMAL_VOL,49,42.86,0.115,1.12,100.0,True,"{np.int64(2023): 0.035, np.int64(2024): 0.301, np.int64(2025): 0.038, np.int64(2026): 0.13}"
USDJPY,TF_PB,combined_regime,STRONG_BEAR__LOW_VOL,48,41.67,0.095,1.14,50.0,True,"{np.int64(2023): 0.272, np.int64(2024): -0.019, np.int64(2025): 0.223, np.int64(2026): -0.65}"
USDJPY,TF_PB,combined_regime,WEAK_BULL__CONTRACTION,29,41.38,-0.067,1.06,50.0,True,"{np.int64(2023): -0.543, np.int64(2024): 0.234, np.int64(2025): 0.55, np.int64(2026): -0.174}"
USDJPY,TF_PB,combined_regime,WEAK_BEAR__LOW_VOL,39,33.33,-0.124,1.01,33.3,True,"{np.int64(2023): 0.126, np.int64(2024): -0.327, np.int64(2025): -0.04, np.int64(2026): None}"
USDJPY,TF_PB,combined_regime,STRONG_BULL__CONTRACTION,28,39.29,-0.15,0.56,33.3,True,"{np.int64(2023): None, np.int64(2024): 0.772, np.int64(2025): -1.186, np.int64(2026): -0.206}"
USDJPY,TF_PB,combined_regime,STRONG_BEAR__CONTRACTION,9,33.33,-0.163,1.06,0.0,False,"{np.int64(2023): None, np.int64(2024): None, np.int64(2025): None, np.int64(2026): None}"
USDJPY,TF_PB,combined_regime,WEAK_BULL__LOW_VOL,96,37.5,-0.166,0.79,25.0,True,"{np.int64(2023): 0.141, np.int64(2024): -0.24, np.int64(2025): -0.277, np.int64(2026): -0.231}"
USDJPY,TF_PB,combined_regime,STRONG_BEAR__HIGH_VOL,21,28.57,-0.169,0.93,50.0,False,"{np.int64(2023): 0.427, np.int64(2024): -0.283, np.int64(2025): None, np.int64(2026): None}"
USDJPY,TF_PB,combined_regime,STRONG_BULL__LOW_VOL,84,32.14,-0.239,0.71,50.0,True,"{np.int64(2023): 0.001, np.int64(2024): -0.415, np.int64(2025): -0.607, np.int64(2026): 0.091}"
USDJPY,TF_PB,combined_regime,WEAK_BULL__NORMAL_VOL,83,30.12,-0.267,0.77,0.0,True,"{np.int64(2023): -0.344, np.int64(2024): -0.084, np.int64(2025): -0.26, np.int64(2026): -0.488}"
USDJPY,TF_PB,combined_regime,STRONG_BEAR__NORMAL_VOL,69,23.19,-0.459,0.43,0.0,True,"{np.int64(2023): -0.282, np.int64(2024): -0.628, np.int64(2025): -0.222, np.int64(2026): -0.88}"
USDJPY,TF_PB,combined_regime,STRONG_BULL__NORMAL_VOL,73,26.03,-0.459,0.56,0.0,True,"{np.int64(2023): -0.449, np.int64(2024): -0.317, np.int64(2025): -0.44, np.int64(2026): -0.868}"
USDJPY,TF_PB,combined_regime,WEAK_BEAR__HIGH_VOL,6,16.67,-0.61,0.18,0.0,False,"{np.int64(2023): None, np.int64(2024): None, np.int64(2025): None, np.int64(2026): None}"
USDJPY,TF_PB,combined_regime,WEAK_BEAR__CONTRACTION,16,6.25,-0.946,0.12,0.0,False,"{np.int64(2023): -1.233, np.int64(2024): None, np.int64(2025): -0.484, np.int64(2026): None}"
USDJPY,TF_PB,combined_regime,WEAK_BULL__EXPANSION,1,0.0,-1.139,0.0,0.0,False,"{np.int64(2023): None, np.int64(2024): None, np.int64(2025): None, np.int64(2026): None}"
USDJPY,TF_PB,session,OVERLAP,246,34.96,-0.156,0.82,0.0,True,"{np.int64(2023): -0.088, np.int64(2024): -0.044, np.int64(2025): -0.222, np.int64(2026): -0.338}"
USDJPY,TF_PB,session,LONDON,398,33.17,-0.205,0.81,0.0,True,"{np.int64(2023): -0.115, np.int64(2024): -0.184, np.int64(2025): -0.246, np.int64(2026): -0.324}"
USDJPY,TF_PB,session,NY_LATE,23,13.04,-0.764,0.2,0.0,False,"{np.int64(2023): -0.282, np.int64(2024): -1.162, np.int64(2025): None, np.int64(2026): None}"
USDJPY,TF_PB,day_of_week,Wednesday,144,34.72,-0.168,0.91,25.0,True,"{np.int64(2023): 0.088, np.int64(2024): -0.156, np.int64(2025): -0.173, np.int64(2026): -0.467}"
USDJPY,TF_PB,day_of_week,Friday,138,32.61,-0.196,0.77,0.0,True,"{np.int64(2023): -0.004, np.int64(2024): -0.222, np.int64(2025): -0.187, np.int64(2026): -0.571}"
USDJPY,TF_PB,day_of_week,Tuesday,128,35.16,-0.201,0.76,0.0,True,"{np.int64(2023): -0.183, np.int64(2024): -0.318, np.int64(2025): -0.216, np.int64(2026): -0.05}"
USDJPY,TF_PB,day_of_week,Monday,121,33.06,-0.206,0.68,0.0,True,"{np.int64(2023): -0.22, np.int64(2024): -0.137, np.int64(2025): -0.291, np.int64(2026): -0.182}"
USDJPY,TF_PB,day_of_week,Thursday,136,30.15,-0.262,0.81,0.0,True,"{np.int64(2023): -0.266, np.int64(2024): -0.066, np.int64(2025): -0.332, np.int64(2026): -0.656}"
USDJPY,TF_PB,spread_bucket,Low (<=1.0p),594,33.33,-0.205,0.79,0.0,True,"{np.int64(2023): -0.11, np.int64(2024): -0.179, np.int64(2025): -0.261, np.int64(2026): -0.358}"
USDJPY,TF_PB,spread_bucket,Medium (1.0-1.5p),73,31.51,-0.213,0.76,0.0,True,"{np.int64(2023): None, np.int64(2024): None, np.int64(2025): -0.213, np.int64(2026): None}"
USDJPY,TF_PB,htf_alignment,NEUTRAL,225,34.67,-0.159,0.78,0.0,True,"{np.int64(2023): -0.111, np.int64(2024): -0.232, np.int64(2025): -0.147, np.int64(2026): -0.152}"
USDJPY,TF_PB,htf_alignment,ALIGNED,442,32.35,-0.231,0.79,0.0,True,"{np.int64(2023): -0.11, np.int64(2024): -0.158, np.int64(2025): -0.3, np.int64(2026): -0.472}"
USDJPY,TF_PB,direction_label,SHORT,257,31.52,-0.195,0.76,0.0,True,"{np.int64(2023): -0.036, np.int64(2024): -0.277, np.int64(2025): -0.132, np.int64(2026): -0.511}"
USDJPY,TF_PB,direction_label,LONG,410,34.15,-0.213,0.81,0.0,True,"{np.int64(2023): -0.163, np.int64(2024): -0.138, np.int64(2025): -0.345, np.int64(2026): -0.28}"
USDJPY,VE_BO,atr_bucket,20-40% (Low),130,35.38,-0.077,0.89,0.0,True,"{np.int64(2023): -0.1, np.int64(2024): -0.028, np.int64(2025): -0.06, np.int64(2026): -0.217}"
USDJPY,VE_BO,atr_bucket,80-100% (Highest),41,34.15,-0.146,0.87,25.0,True,"{np.int64(2023): -0.063, np.int64(2024): -0.303, np.int64(2025): 0.292, np.int64(2026): -0.41}"
USDJPY,VE_BO,atr_bucket,0-20% (Lowest),26,34.62,-0.16,0.71,33.3,True,"{np.int64(2023): -0.72, np.int64(2024): 0.367, np.int64(2025): -0.438, np.int64(2026): None}"
USDJPY,VE_BO,atr_bucket,60-80% (High),35,31.43,-0.178,1.13,50.0,True,"{np.int64(2023): 0.01, np.int64(2024): -0.56, np.int64(2025): 0.278, np.int64(2026): -0.632}"
USDJPY,VE_BO,atr_bucket,40-60% (Mid),91,30.77,-0.188,0.76,0.0,True,"{np.int64(2023): -0.296, np.int64(2024): -0.007, np.int64(2025): -0.002, np.int64(2026): -0.661}"
USDJPY,VE_BO,adx_bucket,Low (<18),65,44.62,0.23,1.31,50.0,True,"{np.int64(2023): -0.199, np.int64(2024): 0.553, np.int64(2025): 0.73, np.int64(2026): -0.561}"
USDJPY,VE_BO,adx_bucket,Medium (18-28),148,31.08,-0.202,0.75,25.0,True,"{np.int64(2023): 0.022, np.int64(2024): -0.218, np.int64(2025): -0.455, np.int64(2026): -0.312}"
USDJPY,VE_BO,adx_bucket,High (>28),110,30.0,-0.261,0.8,0.0,True,"{np.int64(2023): -0.404, np.int64(2024): -0.078, np.int64(2025): -0.199, np.int64(2026): -0.438}"
USDJPY,VE_BO,trend_regime,WEAK_BULL,47,40.43,0.071,1.14,75.0,True,"{np.int64(2023): 0.214, np.int64(2024): 0.032, np.int64(2025): 0.727, np.int64(2026): -0.366}"
USDJPY,VE_BO,trend_regime,WEAK_BEAR,29,34.48,-0.044,0.86,33.3,True,"{np.int64(2023): -0.172, np.int64(2024): -0.67, np.int64(2025): 0.683, np.int64(2026): None}"
USDJPY,VE_BO,trend_regime,CHOPPY,168,34.52,-0.1,0.89,50.0,True,"{np.int64(2023): -0.171, np.int64(2024): 0.025, np.int64(2025): 0.013, np.int64(2026): -0.474}"
USDJPY,VE_BO,trend_regime,STRONG_BULL,44,29.55,-0.298,0.75,25.0,True,"{np.int64(2023): -0.141, np.int64(2024): -0.369, np.int64(2025): -0.773, np.int64(2026): 0.044}"
USDJPY,VE_BO,trend_regime,STRONG_BEAR,35,22.86,-0.447,0.66,33.3,True,"{np.int64(2023): -1.169, np.int64(2024): 0.082, np.int64(2025): -0.336, np.int64(2026): None}"
USDJPY,VE_BO,vol_regime,EXPANSION,43,41.86,0.118,1.16,50.0,True,"{np.int64(2023): 0.152, np.int64(2024): -0.024, np.int64(2025): 0.682, np.int64(2026): -0.262}"
USDJPY,VE_BO,vol_regime,HIGH_VOL,26,42.31,0.072,1.17,50.0,True,"{np.int64(2023): 0.81, np.int64(2024): -0.113, np.int64(2025): 0.234, np.int64(2026): -0.425}"
USDJPY,VE_BO,vol_regime,LOW_VOL,146,36.99,-0.032,0.96,50.0,True,"{np.int64(2023): -0.135, np.int64(2024): 0.121, np.int64(2025): 0.047, np.int64(2026): -0.277}"
USDJPY,VE_BO,vol_regime,NORMAL_VOL,108,23.15,-0.424,0.58,0.0,True,"{np.int64(2023): -0.579, np.int64(2024): -0.32, np.int64(2025): -0.282, np.int64(2026): -0.798}"
USDJPY,VE_BO,combined_regime,STRONG_BULL__EXPANSION,6,66.67,0.689,3.48,100.0,False,"{np.int64(2023): 1.08, np.int64(2024): None, np.int64(2025): None, np.int64(2026): None}"
USDJPY,VE_BO,combined_regime,WEAK_BULL__LOW_VOL,24,50.0,0.375,1.64,100.0,False,"{np.int64(2023): 1.062, np.int64(2024): 0.076, np.int64(2025): None, np.int64(2026): None}"
USDJPY,VE_BO,combined_regime,WEAK_BULL__HIGH_VOL,6,50.0,0.235,1.95,0.0,False,"{np.int64(2023): None, np.int64(2024): None, np.int64(2025): None, np.int64(2026): None}"
USDJPY,VE_BO,combined_regime,CHOPPY__HIGH_VOL,13,46.15,0.211,1.58,50.0,False,"{np.int64(2023): None, np.int64(2024): None, np.int64(2025): 0.504, np.int64(2026): -0.484}"
USDJPY,VE_BO,combined_regime,CHOPPY__EXPANSION,20,45.0,0.203,1.65,50.0,False,"{np.int64(2023): -0.24, np.int64(2024): 0.921, np.int64(2025): None, np.int64(2026): None}"
USDJPY,VE_BO,combined_regime,WEAK_BEAR__EXPANSION,8,37.5,0.079,1.01,0.0,False,"{np.int64(2023): None, np.int64(2024): None, np.int64(2025): None, np.int64(2026): None}"
USDJPY,VE_BO,combined_regime,STRONG_BEAR__HIGH_VOL,2,50.0,0.008,1.55,0.0,False,"{np.int64(2023): None, np.int64(2024): None, np.int64(2025): None, np.int64(2026): None}"
USDJPY,VE_BO,combined_regime,WEAK_BEAR__LOW_VOL,11,36.36,-0.006,1.23,0.0,False,"{np.int64(2023): -0.275, np.int64(2024): None, np.int64(2025): None, np.int64(2026): None}"
USDJPY,VE_BO,combined_regime,CHOPPY__LOW_VOL,78,37.18,-0.03,0.87,50.0,True,"{np.int64(2023): -0.174, np.int64(2024): 0.092, np.int64(2025): 0.136, np.int64(2026): -0.223}"
USDJPY,VE_BO,combined_regime,WEAK_BEAR__NORMAL_VOL,9,33.33,-0.089,0.86,0.0,False,"{np.int64(2023): None, np.int64(2024): None, np.int64(2025): None, np.int64(2026): None}"
USDJPY,VE_BO,combined_regime,STRONG_BULL__HIGH_VOL,4,25.0,-0.316,0.5,0.0,False,"{np.int64(2023): None, np.int64(2024): None, np.int64(2025): None, np.int64(2026): None}"
USDJPY,VE_BO,combined_regime,STRONG_BULL__LOW_VOL,21,28.57,-0.324,0.83,0.0,False,"{np.int64(2023): -0.681, np.int64(2024): -0.071, np.int64(2025): None, np.int64(2026): None}"
USDJPY,VE_BO,combined_regime,STRONG_BEAR__LOW_VOL,12,25.0,-0.369,0.62,0.0,False,"{np.int64(2023): None, np.int64(2024): None, np.int64(2025): None, np.int64(2026): None}"
USDJPY,VE_BO,combined_regime,CHOPPY__NORMAL_VOL,57,24.56,-0.374,0.54,0.0,True,"{np.int64(2023): -0.266, np.int64(2024): -0.328, np.int64(2025): -0.469, np.int64(2026): None}"
USDJPY,VE_BO,combined_regime,WEAK_BULL__EXPANSION,4,25.0,-0.376,0.21,0.0,False,"{np.int64(2023): None, np.int64(2024): None, np.int64(2025): None, np.int64(2026): None}"
USDJPY,VE_BO,combined_regime,WEAK_BULL__NORMAL_VOL,13,23.08,-0.429,0.68,0.0,False,"{np.int64(2023): -1.171, np.int64(2024): None, np.int64(2025): None, np.int64(2026): None}"
USDJPY,VE_BO,combined_regime,STRONG_BEAR__EXPANSION,5,20.0,-0.453,0.32,0.0,False,"{np.int64(2023): None, np.int64(2024): None, np.int64(2025): None, np.int64(2026): None}"
USDJPY,VE_BO,combined_regime,STRONG_BEAR__NORMAL_VOL,16,18.75,-0.56,0.76,0.0,False,"{np.int64(2023): None, np.int64(2024): -0.262, np.int64(2025): -0.596, np.int64(2026): None}"
USDJPY,VE_BO,combined_regime,STRONG_BULL__NORMAL_VOL,13,15.38,-0.707,0.22,0.0,False,"{np.int64(2023): None, np.int64(2024): None, np.int64(2025): None, np.int64(2026): None}"
USDJPY,VE_BO,combined_regime,WEAK_BEAR__HIGH_VOL,1,0.0,-1.034,0.0,0.0,False,"{np.int64(2023): None, np.int64(2024): None, np.int64(2025): None, np.int64(2026): None}"
USDJPY,VE_BO,session,NY_LATE,16,37.5,0.058,1.01,0.0,False,"{np.int64(2023): -0.334, np.int64(2024): None, np.int64(2025): None, np.int64(2026): None}"
USDJPY,VE_BO,session,OVERLAP,112,35.71,-0.058,0.89,25.0,True,"{np.int64(2023): -0.211, np.int64(2024): -0.182, np.int64(2025): 0.228, np.int64(2026): -0.069}"
USDJPY,VE_BO,session,LONDON,195,31.79,-0.195,0.84,0.0,True,"{np.int64(2023): -0.14, np.int64(2024): -0.011, np.int64(2025): -0.279, np.int64(2026): -0.766}"
USDJPY,VE_BO,day_of_week,Thursday,60,41.67,0.154,1.22,75.0,True,"{np.int64(2023): 0.353, np.int64(2024): -0.291, np.int64(2025): 0.457, np.int64(2026): 0.015}"
USDJPY,VE_BO,day_of_week,Tuesday,78,34.62,-0.097,0.95,50.0,True,"{np.int64(2023): 0.074, np.int64(2024): 0.114, np.int64(2025): -0.515, np.int64(2026): -0.762}"
USDJPY,VE_BO,day_of_week,Friday,81,34.57,-0.12,0.87,50.0,True,"{np.int64(2023): -0.341, np.int64(2024): 0.152, np.int64(2025): 0.456, np.int64(2026): -0.946}"
USDJPY,VE_BO,day_of_week,Wednesday,78,29.49,-0.269,0.74,25.0,True,"{np.int64(2023): -0.475, np.int64(2024): -0.381, np.int64(2025): -0.063, np.int64(2026): 0.168}"
USDJPY,VE_BO,day_of_week,Monday,26,19.23,-0.559,0.35,0.0,True,"{np.int64(2023): -0.653, np.int64(2024): -0.223, np.int64(2025): -0.757, np.int64(2026): None}"
USDJPY,VE_BO,spread_bucket,Medium (1.0-1.5p),28,35.71,-0.02,0.99,0.0,True,"{np.int64(2023): None, np.int64(2024): None, np.int64(2025): -0.02, np.int64(2026): None}"
USDJPY,VE_BO,spread_bucket,Low (<=1.0p),295,33.22,-0.146,0.85,25.0,True,"{np.int64(2023): -0.178, np.int64(2024): -0.073, np.int64(2025): 0.002, np.int64(2026): -0.402}"
USDJPY,VE_BO,htf_alignment,OPPOSED,91,37.36,-0.012,1.05,75.0,True,"{np.int64(2023): 0.039, np.int64(2024): 0.098, np.int64(2025): 0.024, np.int64(2026): -0.546}"
USDJPY,VE_BO,htf_alignment,NEUTRAL,106,36.79,-0.032,1.01,25.0,True,"{np.int64(2023): -0.156, np.int64(2024): 0.203, np.int64(2025): -0.135, np.int64(2026): -0.041}"
USDJPY,VE_BO,htf_alignment,ALIGNED,126,27.78,-0.31,0.64,25.0,True,"{np.int64(2023): -0.38, np.int64(2024): -0.35, np.int64(2025): 0.105, np.int64(2026): -0.658}"
USDJPY,VE_BO,direction_label,LONG,164,37.2,-0.022,1.06,50.0,True,"{np.int64(2023): 0.04, np.int64(2024): -0.039, np.int64(2025): 0.181, np.int64(2026): -0.408}"
USDJPY,VE_BO,direction_label,SHORT,159,29.56,-0.251,0.71,0.0,True,"{np.int64(2023): -0.409, np.int64(2024): -0.115, np.int64(2025): -0.146, np.int64(2026): -0.395}"
USDJPY,MR_RG,atr_bucket,0-20% (Lowest),47,36.17,-0.239,0.99,25.0,True,"{np.int64(2023): -0.568, np.int64(2024): -0.838, np.int64(2025): 0.636, np.int64(2026): -0.094}"
USDJPY,MR_RG,atr_bucket,20-40% (Low),36,30.56,-0.333,0.49,0.0,True,"{np.int64(2023): -0.751, np.int64(2024): -0.212, np.int64(2025): -0.146, np.int64(2026): None}"
USDJPY,MR_RG,atr_bucket,80-100% (Highest),3,33.33,-0.698,0.13,0.0,False,"{np.int64(2023): None, np.int64(2024): None, np.int64(2025): None, np.int64(2026): None}"
USDJPY,MR_RG,atr_bucket,40-60% (Mid),19,5.26,-1.07,0.11,0.0,False,"{np.int64(2023): -0.638, np.int64(2024): None, np.int64(2025): -1.226, np.int64(2026): -1.315}"
USDJPY,MR_RG,atr_bucket,60-80% (High),6,0.0,-1.153,0.0,0.0,False,"{np.int64(2023): None, np.int64(2024): None, np.int64(2025): None, np.int64(2026): None}"
USDJPY,MR_RG,adx_bucket,Medium (18-28),41,36.59,-0.148,0.76,25.0,True,"{np.int64(2023): -0.416, np.int64(2024): -0.297, np.int64(2025): 0.391, np.int64(2026): -0.148}"
USDJPY,MR_RG,adx_bucket,Low (<18),70,21.43,-0.664,0.34,0.0,True,"{np.int64(2023): -0.876, np.int64(2024): -0.921, np.int64(2025): -0.344, np.int64(2026): -0.51}"
USDJPY,MR_RG,trend_regime,WEAK_BULL,28,42.86,0.155,0.96,50.0,True,"{np.int64(2023): -0.021, np.int64(2024): -0.217, np.int64(2025): 0.54, np.int64(2026): 0.189}"
USDJPY,MR_RG,trend_regime,CHOPPY,31,22.58,-0.586,0.39,0.0,True,"{np.int64(2023): -1.21, np.int64(2024): -0.368, np.int64(2025): -0.296, np.int64(2026): -0.772}"
USDJPY,MR_RG,trend_regime,RANGING,43,25.58,-0.647,0.42,0.0,True,"{np.int64(2023): -0.761, np.int64(2024): -1.07, np.int64(2025): -0.362, np.int64(2026): -0.328}"
USDJPY,MR_RG,trend_regime,WEAK_BEAR,9,0.0,-1.211,0.0,0.0,False,"{np.int64(2023): None, np.int64(2024): None, np.int64(2025): None, np.int64(2026): None}"
USDJPY,MR_RG,vol_regime,CONTRACTION,32,40.62,-0.118,0.75,50.0,True,"{np.int64(2023): -0.432, np.int64(2024): -0.438, np.int64(2025): 0.014, np.int64(2026): 0.244}"
USDJPY,MR_RG,vol_regime,LOW_VOL,32,28.12,-0.413,0.85,25.0,True,"{np.int64(2023): -1.013, np.int64(2024): -0.189, np.int64(2025): 0.291, np.int64(2026): -0.839}"
USDJPY,MR_RG,vol_regime,HIGH_VOL,3,33.33,-0.698,0.13,0.0,False,"{np.int64(2023): None, np.int64(2024): None, np.int64(2025): None, np.int64(2026): None}"
USDJPY,MR_RG,vol_regime,NORMAL_VOL,44,15.91,-0.761,0.22,0.0,True,"{np.int64(2023): -0.56, np.int64(2024): -1.214, np.int64(2025): -0.503, np.int64(2026): -0.934}"
USDJPY,MR_RG,combined_regime,WEAK_BULL__CONTRACTION,3,100.0,2.163,99.0,0.0,False,"{np.int64(2023): None, np.int64(2024): None, np.int64(2025): None, np.int64(2026): None}"
USDJPY,MR_RG,combined_regime,WEAK_BULL__LOW_VOL,9,44.44,0.377,1.47,0.0,False,"{np.int64(2023): None, np.int64(2024): None, np.int64(2025): None, np.int64(2026): None}"
USDJPY,MR_RG,combined_regime,CHOPPY__CONTRACTION,7,42.86,0.159,0.98,0.0,False,"{np.int64(2023): None, np.int64(2024): None, np.int64(2025): None, np.int64(2026): None}"
USDJPY,MR_RG,combined_regime,WEAK_BULL__NORMAL_VOL,14,28.57,-0.341,0.51,100.0,False,"{np.int64(2023): 0.034, np.int64(2024): None, np.int64(2025): None, np.int64(2026): None}"
USDJPY,MR_RG,combined_regime,WEAK_BULL__HIGH_VOL,2,50.0,-0.382,0.19,0.0,False,"{np.int64(2023): None, np.int64(2024): None, np.int64(2025): None, np.int64(2026): None}"
USDJPY,MR_RG,combined_regime,RANGING__LOW_VOL,10,30.0,-0.497,1.16,0.0,False,"{np.int64(2023): -1.403, np.int64(2024): None, np.int64(2025): None, np.int64(2026): None}"
USDJPY,MR_RG,combined_regime,RANGING__CONTRACTION,22,31.82,-0.517,0.38,0.0,False,"{np.int64(2023): -0.272, np.int64(2024): -0.896, np.int64(2025): None, np.int64(2026): -0.144}"
USDJPY,MR_RG,combined_regime,CHOPPY__NORMAL_VOL,12,16.67,-0.75,0.26,0.0,False,"{np.int64(2023): None, np.int64(2024): None, np.int64(2025): -0.148, np.int64(2026): None}"
USDJPY,MR_RG,combined_regime,CHOPPY__LOW_VOL,11,18.18,-0.814,0.42,0.0,False,"{np.int64(2023): None, np.int64(2024): None, np.int64(2025): None, np.int64(2026): None}"
USDJPY,MR_RG,combined_regime,RANGING__NORMAL_VOL,11,9.09,-1.044,0.06,0.0,False,"{np.int64(2023): None, np.int64(2024): None, np.int64(2025): None, np.int64(2026): None}"
USDJPY,MR_RG,combined_regime,WEAK_BEAR__NORMAL_VOL,7,0.0,-1.175,0.0,0.0,False,"{np.int64(2023): None, np.int64(2024): None, np.int64(2025): None, np.int64(2026): None}"
USDJPY,MR_RG,combined_regime,CHOPPY__HIGH_VOL,1,0.0,-1.33,0.0,0.0,False,"{np.int64(2023): None, np.int64(2024): None, np.int64(2025): None, np.int64(2026): None}"
USDJPY,MR_RG,combined_regime,WEAK_BEAR__LOW_VOL,2,0.0,-1.34,0.0,0.0,False,"{np.int64(2023): None, np.int64(2024): None, np.int64(2025): None, np.int64(2026): None}"
USDJPY,MR_RG,session,NY_LATE,1,100.0,2.404,99.0,0.0,False,"{np.int64(2023): None, np.int64(2024): None, np.int64(2025): None, np.int64(2026): None}"
USDJPY,MR_RG,session,ASIAN,44,31.82,-0.303,0.69,25.0,True,"{np.int64(2023): -0.439, np.int64(2024): -0.883, np.int64(2025): 0.2, np.int64(2026): -0.299}"
USDJPY,MR_RG,session,LONDON,28,25.0,-0.597,0.41,0.0,True,"{np.int64(2023): -1.022, np.int64(2024): -0.343, np.int64(2025): None, np.int64(2026): -0.972}"
USDJPY,MR_RG,session,OVERLAP,38,21.05,-0.656,0.28,25.0,True,"{np.int64(2023): -0.934, np.int64(2024): -0.748, np.int64(2025): -0.728, np.int64(2026): 0.072}"
USDJPY,MR_RG,day_of_week,Tuesday,20,40.0,0.061,1.01,33.3,False,"{np.int64(2023): -0.207, np.int64(2024): -0.064, np.int64(2025): 0.592, np.int64(2026): None}"
USDJPY,MR_RG,day_of_week,Monday,22,36.36,-0.311,0.66,0.0,False,"{np.int64(2023): -0.629, np.int64(2024): -0.354, np.int64(2025): -0.115, np.int64(2026): None}"
USDJPY,MR_RG,day_of_week,Friday,24,25.0,-0.533,0.26,33.3,False,"{np.int64(2023): -0.688, np.int64(2024): -1.224, np.int64(2025): None, np.int64(2026): 0.006}"
USDJPY,MR_RG,day_of_week,Thursday,19,21.05,-0.666,0.29,0.0,False,"{np.int64(2023): None, np.int64(2024): -0.629, np.int64(2025): None, np.int64(2026): None}"
USDJPY,MR_RG,day_of_week,Wednesday,26,15.38,-0.827,0.34,0.0,True,"{np.int64(2023): -0.869, np.int64(2024): None, np.int64(2025): -0.362, np.int64(2026): -1.42}"
USDJPY,MR_RG,spread_bucket,Low (<=1.0p),101,27.72,-0.468,0.46,25.0,True,"{np.int64(2023): -0.698, np.int64(2024): -0.676, np.int64(2025): 0.127, np.int64(2026): -0.374}"
USDJPY,MR_RG,spread_bucket,Medium (1.0-1.5p),10,20.0,-0.532,0.59,0.0,False,"{np.int64(2023): None, np.int64(2024): None, np.int64(2025): -0.532, np.int64(2026): None}"
USDJPY,MR_RG,htf_alignment,ALIGNED,23,39.13,-0.23,0.75,33.3,False,"{np.int64(2023): None, np.int64(2024): -0.19, np.int64(2025): -0.301, np.int64(2026): 0.036}"
USDJPY,MR_RG,htf_alignment,NEUTRAL,36,33.33,-0.305,0.75,25.0,True,"{np.int64(2023): -0.865, np.int64(2024): -0.53, np.int64(2025): 0.109, np.int64(2026): -0.042}"
USDJPY,MR_RG,htf_alignment,OPPOSED,52,17.31,-0.698,0.25,0.0,True,"{np.int64(2023): -0.638, np.int64(2024): -1.011, np.int64(2025): -0.22, np.int64(2026): -0.998}"
USDJPY,MR_RG,direction_label,SHORT,83,26.51,-0.465,0.52,0.0,True,"{np.int64(2023): -0.614, np.int64(2024): -0.57, np.int64(2025): -0.184, np.int64(2026): -0.516}"
USDJPY,MR_RG,direction_label,LONG,28,28.57,-0.499,0.36,25.0,True,"{np.int64(2023): -0.94, np.int64(2024): -0.994, np.int64(2025): 0.242, np.int64(2026): -0.09}"
USDJPY,LDN_MO,atr_bucket,40-60% (Mid),90,48.89,0.126,1.38,75.0,True,"{np.int64(2023): 0.191, np.int64(2024): -0.165, np.int64(2025): 0.322, np.int64(2026): 0.083}"
USDJPY,LDN_MO,atr_bucket,60-80% (High),34,44.12,0.095,1.3,75.0,True,"{np.int64(2023): -0.234, np.int64(2024): 0.167, np.int64(2025): 0.254, np.int64(2026): 0.224}"
USDJPY,LDN_MO,atr_bucket,80-100% (Highest),14,42.86,-0.051,1.14,0.0,False,"{np.int64(2023): None, np.int64(2024): None, np.int64(2025): None, np.int64(2026): -0.855}"
USDJPY,LDN_MO,atr_bucket,0-20% (Lowest),224,40.62,-0.098,0.9,25.0,True,"{np.int64(2023): -0.372, np.int64(2024): -0.082, np.int64(2025): 0.222, np.int64(2026): -0.062}"
USDJPY,LDN_MO,atr_bucket,20-40% (Low),199,35.18,-0.187,0.77,0.0,True,"{np.int64(2023): -0.249, np.int64(2024): -0.101, np.int64(2025): -0.002, np.int64(2026): -0.673}"
USDJPY,LDN_MO,adx_bucket,High (>28),296,42.23,-0.026,1.05,50.0,True,"{np.int64(2023): -0.187, np.int64(2024): -0.122, np.int64(2025): 0.202, np.int64(2026): 0.009}"
USDJPY,LDN_MO,adx_bucket,Medium (18-28),184,39.67,-0.113,0.91,25.0,True,"{np.int64(2023): -0.163, np.int64(2024): -0.146, np.int64(2025): 0.289, np.int64(2026): -0.472}"
USDJPY,LDN_MO,adx_bucket,Low (<18),81,34.57,-0.207,0.7,25.0,True,"{np.int64(2023): -0.498, np.int64(2024): 0.114, np.int64(2025): -0.074, np.int64(2026): -0.245}"
USDJPY,LDN_MO,trend_regime,STRONG_BULL,137,46.72,0.074,1.26,75.0,True,"{np.int64(2023): 0.078, np.int64(2024): -0.115, np.int64(2025): 0.34, np.int64(2026): 0.052}"
USDJPY,LDN_MO,trend_regime,STRONG_BEAR,62,41.94,0.071,1.16,75.0,True,"{np.int64(2023): 0.037, np.int64(2024): 0.292, np.int64(2025): 0.353, np.int64(2026): -0.792}"
USDJPY,LDN_MO,trend_regime,WEAK_BULL,53,39.62,-0.098,0.98,50.0,True,"{np.int64(2023): -0.42, np.int64(2024): 0.07, np.int64(2025): -0.175, np.int64(2026): 0.305}"
USDJPY,LDN_MO,trend_regime,CHOPPY,253,38.34,-0.151,0.83,25.0,True,"{np.int64(2023): -0.281, np.int64(2024): -0.207, np.int64(2025): 0.104, np.int64(2026): -0.223}"
USDJPY,LDN_MO,trend_regime,WEAK_BEAR,18,33.33,-0.153,0.91,50.0,False,"{np.int64(2023): -0.619, np.int64(2024): None, np.int64(2025): 0.468, np.int64(2026): None}"
USDJPY,LDN_MO,trend_regime,RANGING,38,31.58,-0.356,0.42,25.0,True,"{np.int64(2023): -0.615, np.int64(2024): 0.053, np.int64(2025): -0.135, np.int64(2026): -0.532}"
USDJPY,LDN_MO,vol_regime,EXPANSION,6,50.0,0.312,1.94,0.0,False,"{np.int64(2023): None, np.int64(2024): None, np.int64(2025): None, np.int64(2026): None}"
USDJPY,LDN_MO,vol_regime,LOW_VOL,270,41.48,-0.03,0.99,50.0,True,"{np.int64(2023): -0.136, np.int64(2024): -0.127, np.int64(2025): 0.147, np.int64(2026): 0.077}"
USDJPY,LDN_MO,vol_regime,NORMAL_VOL,210,40.48,-0.082,0.96,25.0,True,"{np.int64(2023): -0.382, np.int64(2024): -0.075, np.int64(2025): 0.152, np.int64(2026): -0.193}"
USDJPY,LDN_MO,vol_regime,CONTRACTION,57,35.09,-0.288,0.61,25.0,True,"{np.int64(2023): -0.499, np.int64(2024): -0.118, np.int64(2025): 0.366, np.int64(2026): -0.56}"
USDJPY,LDN_MO,vol_regime,HIGH_VOL,18,33.33,-0.292,0.82,0.0,False,"{np.int64(2023): None, np.int64(2024): None, np.int64(2025): None, np.int64(2026): -0.905}"
USDJPY,LDN_MO,combined_regime,STRONG_BULL__EXPANSION,2,100.0,1.61,99.0,0.0,False,"{np.int64(2023): None, np.int64(2024): None, np.int64(2025): None, np.int64(2026): None}"
USDJPY,LDN_MO,combined_regime,STRONG_BEAR__LOW_VOL,21,61.9,0.663,2.81,100.0,False,"{np.int64(2023): 0.401, np.int64(2024): None, np.int64(2025): 1.402, np.int64(2026): None}"
USDJPY,LDN_MO,combined_regime,STRONG_BULL__HIGH_VOL,4,50.0,0.43,2.35,0.0,False,"{np.int64(2023): None, np.int64(2024): None, np.int64(2025): None, np.int64(2026): None}"
USDJPY,LDN_MO,combined_regime,STRONG_BULL__LOW_VOL,68,51.47,0.157,1.35,50.0,True,"{np.int64(2023): 0.408, np.int64(2024): -0.038, np.int64(2025): -0.283, np.int64(2026): 0.362}"
USDJPY,LDN_MO,combined_regime,WEAK_BULL__NORMAL_VOL,19,52.63,0.156,1.59,33.3,False,"{np.int64(2023): -0.127, np.int64(2024): 0.507, np.int64(2025): -0.211, np.int64(2026): None}"
USDJPY,LDN_MO,combined_regime,RANGING__NORMAL_VOL,4,50.0,0.028,1.62,0.0,False,"{np.int64(2023): None, np.int64(2024): None, np.int64(2025): None, np.int64(2026): None}"
USDJPY,LDN_MO,combined_regime,STRONG_BULL__NORMAL_VOL,47,42.55,-0.028,1.11,25.0,True,"{np.int64(2023): -0.778, np.int64(2024): -0.137, np.int64(2025): 0.391, np.int64(2026): -0.008}"
USDJPY,LDN_MO,combined_regime,CHOPPY__LOW_VOL,122,36.89,-0.129,0.82,25.0,True,"{np.int64(2023): -0.29, np.int64(2024): -0.268, np.int64(2025): 0.149, np.int64(2026): -0.001}"
USDJPY,LDN_MO,combined_regime,CHOPPY__NORMAL_VOL,94,40.43,-0.13,0.85,25.0,True,"{np.int64(2023): -0.346, np.int64(2024): -0.131, np.int64(2025): 0.059, np.int64(2026): -0.113}"
USDJPY,LDN_MO,combined_regime,STRONG_BEAR__NORMAL_VOL,36,33.33,-0.146,0.81,50.0,True,"{np.int64(2023): 0.071, np.int64(2024): 0.063, np.int64(2025): -0.092, np.int64(2026): -0.664}"
USDJPY,LDN_MO,combined_regime,WEAK_BEAR__NORMAL_VOL,10,30.0,-0.148,0.97,100.0,False,"{np.int64(2023): None, np.int64(2024): None, np.int64(2025): 0.485, np.int64(2026): None}"
USDJPY,LDN_MO,combined_regime,WEAK_BULL__LOW_VOL,25,36.0,-0.151,0.83,25.0,True,"{np.int64(2023): -0.363, np.int64(2024): -0.292, np.int64(2025): -0.126, np.int64(2026): 0.362}"
USDJPY,LDN_MO,combined_regime,WEAK_BEAR__LOW_VOL,8,37.5,-0.158,0.84,0.0,False,"{np.int64(2023): None, np.int64(2024): None, np.int64(2025): None, np.int64(2026): None}"
USDJPY,LDN_MO,combined_regime,RANGING__CONTRACTION,8,37.5,-0.196,0.67,0.0,False,"{np.int64(2023): None, np.int64(2024): None, np.int64(2025): None, np.int64(2026): None}"
USDJPY,LDN_MO,combined_regime,CHOPPY__CONTRACTION,24,41.67,-0.261,0.73,33.3,False,"{np.int64(2023): -0.453, np.int64(2024): None, np.int64(2025): 0.23, np.int64(2026): -0.475}"
USDJPY,LDN_MO,combined_regime,STRONG_BULL__CONTRACTION,16,31.25,-0.261,0.57,0.0,False,"{np.int64(2023): None, np.int64(2024): None, np.int64(2025): None, np.int64(2026): -0.651}"
USDJPY,LDN_MO,combined_regime,CHOPPY__HIGH_VOL,9,33.33,-0.3,0.74,0.0,False,"{np.int64(2023): None, np.int64(2024): None, np.int64(2025): None, np.int64(2026): -0.871}"
USDJPY,LDN_MO,combined_regime,WEAK_BULL__CONTRACTION,7,28.57,-0.305,0.44,0.0,False,"{np.int64(2023): None, np.int64(2024): None, np.int64(2025): None, np.int64(2026): None}"
USDJPY,LDN_MO,combined_regime,CHOPPY__EXPANSION,4,25.0,-0.337,1.06,0.0,False,"{np.int64(2023): None, np.int64(2024): None, np.int64(2025): None, np.int64(2026): None}"
USDJPY,LDN_MO,combined_regime,RANGING__LOW_VOL,26,26.92,-0.464,0.23,0.0,True,"{np.int64(2023): -0.742, np.int64(2024): None, np.int64(2025): -0.428, np.int64(2026): None}"
USDJPY,LDN_MO,combined_regime,STRONG_BEAR__HIGH_VOL,3,33.33,-0.668,0.04,0.0,False,"{np.int64(2023): None, np.int64(2024): None, np.int64(2025): None, np.int64(2026): None}"
USDJPY,LDN_MO,combined_regime,WEAK_BULL__HIGH_VOL,2,0.0,-1.135,0.0,0.0,False,"{np.int64(2023): None, np.int64(2024): None, np.int64(2025): None, np.int64(2026): None}"
USDJPY,LDN_MO,combined_regime,STRONG_BEAR__CONTRACTION,2,0.0,-1.136,0.0,0.0,False,"{np.int64(2023): None, np.int64(2024): None, np.int64(2025): None, np.int64(2026): None}"
USDJPY,LDN_MO,session,LONDON,561,40.29,-0.081,0.95,25.0,True,"{np.int64(2023): -0.23, np.int64(2024): -0.106, np.int64(2025): 0.181, np.int64(2026): -0.189}"
USDJPY,LDN_MO,day_of_week,Wednesday,125,48.0,0.084,1.37,50.0,True,"{np.int64(2023): -0.099, np.int64(2024): 0.212, np.int64(2025): 0.212, np.int64(2026): -0.037}"
USDJPY,LDN_MO,day_of_week,Thursday,112,41.96,-0.033,1.0,25.0,True,"{np.int64(2023): -0.188, np.int64(2024): -0.33, np.int64(2025): 0.48, np.int64(2026): -0.012}"
USDJPY,LDN_MO,day_of_week,Friday,116,36.21,-0.135,0.8,0.0,True,"{np.int64(2023): -0.04, np.int64(2024): -0.16, np.int64(2025): -0.138, np.int64(2026): -0.246}"
USDJPY,LDN_MO,day_of_week,Tuesday,125,36.0,-0.168,0.82,25.0,True,"{np.int64(2023): -0.355, np.int64(2024): -0.343, np.int64(2025): 0.394, np.int64(2026): -0.397}"
USDJPY,LDN_MO,day_of_week,Monday,83,38.55,-0.185,0.85,25.0,True,"{np.int64(2023): -0.592, np.int64(2024): 0.101, np.int64(2025): -0.016, np.int64(2026): -0.255}"
USDJPY,LDN_MO,spread_bucket,Medium (1.0-1.5p),65,53.85,0.235,1.77,100.0,True,"{np.int64(2023): None, np.int64(2024): None, np.int64(2025): 0.235, np.int64(2026): None}"
USDJPY,LDN_MO,spread_bucket,Low (<=1.0p),495,38.59,-0.12,0.86,25.0,True,"{np.int64(2023): -0.23, np.int64(2024): -0.106, np.int64(2025): 0.154, np.int64(2026): -0.189}"
USDJPY,LDN_MO,spread_bucket,High (>1.5p),1,0.0,-1.115,0.0,0.0,False,"{np.int64(2023): None, np.int64(2024): None, np.int64(2025): None, np.int64(2026): None}"
USDJPY,LDN_MO,htf_alignment,NEUTRAL,185,40.54,-0.027,1.07,50.0,True,"{np.int64(2023): -0.245, np.int64(2024): 0.006, np.int64(2025): 0.353, np.int64(2026): -0.32}"
USDJPY,LDN_MO,htf_alignment,ALIGNED,219,40.64,-0.095,0.9,0.0,True,"{np.int64(2023): -0.262, np.int64(2024): -0.045, np.int64(2025): -0.029, np.int64(2026): -0.013}"
USDJPY,LDN_MO,htf_alignment,OPPOSED,157,39.49,-0.123,0.88,25.0,True,"{np.int64(2023): -0.179, np.int64(2024): -0.369, np.int64(2025): 0.248, np.int64(2026): -0.267}"
USDJPY,LDN_MO,direction_label,LONG,318,44.34,-0.008,1.06,50.0,True,"{np.int64(2023): -0.202, np.int64(2024): 0.016, np.int64(2025): 0.232, np.int64(2026): -0.075}"
USDJPY,LDN_MO,direction_label,SHORT,243,34.98,-0.175,0.84,25.0,True,"{np.int64(2023): -0.263, np.int64(2024): -0.298, np.int64(2025): 0.124, np.int64(2026): -0.358}"
USDJPY,MS_BOS,atr_bucket,80-100% (Highest),208,40.87,-0.018,1.05,50.0,True,"{np.int64(2023): 0.024, np.int64(2024): -0.152, np.int64(2025): -0.068, np.int64(2026): 0.196}"
USDJPY,MS_BOS,atr_bucket,60-80% (High),232,38.79,-0.055,1.01,25.0,True,"{np.int64(2023): -0.048, np.int64(2024): 0.027, np.int64(2025): -0.03, np.int64(2026): -0.312}"
USDJPY,MS_BOS,atr_bucket,20-40% (Low),550,34.36,-0.178,0.78,0.0,True,"{np.int64(2023): -0.128, np.int64(2024): -0.116, np.int64(2025): -0.182, np.int64(2026): -0.383}"
USDJPY,MS_BOS,atr_bucket,40-60% (Mid),427,31.15,-0.249,0.62,0.0,True,"{np.int64(2023): -0.231, np.int64(2024): -0.131, np.int64(2025): -0.329, np.int64(2026): -0.332}"
USDJPY,MS_BOS,atr_bucket,0-20% (Lowest),378,26.98,-0.436,0.55,0.0,True,"{np.int64(2023): -0.355, np.int64(2024): -0.423, np.int64(2025): -0.437, np.int64(2026): -0.522}"
USDJPY,MS_BOS,adx_bucket,High (>28),1170,34.02,-0.19,0.82,0.0,True,"{np.int64(2023): -0.139, np.int64(2024): -0.163, np.int64(2025): -0.165, np.int64(2026): -0.369}"
USDJPY,MS_BOS,adx_bucket,Low (<18),199,34.67,-0.215,0.68,0.0,True,"{np.int64(2023): -0.038, np.int64(2024): -0.252, np.int64(2025): -0.268, np.int64(2026): -0.361}"
USDJPY,MS_BOS,adx_bucket,Medium (18-28),426,30.99,-0.282,0.68,0.0,True,"{np.int64(2023): -0.285, np.int64(2024): -0.191, np.int64(2025): -0.352, np.int64(2026): -0.289}"
USDJPY,MS_BOS,trend_regime,WEAK_BULL,106,41.51,-0.085,1.08,50.0,True,"{np.int64(2023): -0.141, np.int64(2024): 0.02, np.int64(2025): -0.292, np.int64(2026): 0.081}"
USDJPY,MS_BOS,trend_regime,CHOPPY,802,33.54,-0.195,0.78,0.0,True,"{np.int64(2023): -0.096, np.int64(2024): -0.139, np.int64(2025): -0.28, np.int64(2026): -0.303}"
USDJPY,MS_BOS,trend_regime,STRONG_BEAR,275,32.36,-0.198,0.76,0.0,True,"{np.int64(2023): -0.112, np.int64(2024): -0.031, np.int64(2025): -0.222, np.int64(2026): -0.671}"
USDJPY,MS_BOS,trend_regime,STRONG_BULL,480,33.54,-0.236,0.8,0.0,True,"{np.int64(2023): -0.246, np.int64(2024): -0.309, np.int64(2025): -0.024, np.int64(2026): -0.349}"
USDJPY,MS_BOS,trend_regime,RANGING,80,32.5,-0.247,0.76,0.0,True,"{np.int64(2023): -0.169, np.int64(2024): -0.075, np.int64(2025): -0.109, np.int64(2026): -0.854}"
USDJPY,MS_BOS,trend_regime,WEAK_BEAR,52,19.23,-0.627,0.31,0.0,True,"{np.int64(2023): -0.524, np.int64(2024): -0.844, np.int64(2025): -0.713, np.int64(2026): -0.095}"
USDJPY,MS_BOS,vol_regime,HIGH_VOL,218,42.66,0.038,1.18,50.0,True,"{np.int64(2023): 0.175, np.int64(2024): -0.088, np.int64(2025): -0.088, np.int64(2026): 0.191}"
USDJPY,MS_BOS,vol_regime,NORMAL_VOL,920,32.07,-0.222,0.7,0.0,True,"{np.int64(2023): -0.187, np.int64(2024): -0.142, np.int64(2025): -0.189, np.int64(2026): -0.553}"
USDJPY,MS_BOS,vol_regime,LOW_VOL,513,33.33,-0.251,0.75,0.0,True,"{np.int64(2023): -0.228, np.int64(2024): -0.172, np.int64(2025): -0.373, np.int64(2026): -0.252}"
USDJPY,MS_BOS,vol_regime,EXPANSION,44,29.55,-0.271,0.56,50.0,True,"{np.int64(2023): -0.467, np.int64(2024): -0.674, np.int64(2025): 0.293, np.int64(2026): 0.126}"
USDJPY,MS_BOS,vol_regime,CONTRACTION,100,27.0,-0.484,0.59,0.0,True,"{np.int64(2023): -0.293, np.int64(2024): -0.547, np.int64(2025): -0.442, np.int64(2026): -0.556}"
USDJPY,MS_BOS,combined_regime,WEAK_BULL__HIGH_VOL,14,78.57,0.811,3.97,100.0,False,"{np.int64(2023): 1.212, np.int64(2024): None, np.int64(2025): None, np.int64(2026): None}"
USDJPY,MS_BOS,combined_regime,WEAK_BULL__CONTRACTION,3,66.67,0.664,3.47,0.0,False,"{np.int64(2023): None, np.int64(2024): None, np.int64(2025): None, np.int64(2026): None}"
USDJPY,MS_BOS,combined_regime,STRONG_BULL__HIGH_VOL,61,47.54,0.247,1.67,75.0,True,"{np.int64(2023): -0.006, np.int64(2024): 0.317, np.int64(2025): 0.572, np.int64(2026): 0.08}"
USDJPY,MS_BOS,combined_regime,STRONG_BULL__EXPANSION,6,50.0,0.159,1.74,0.0,False,"{np.int64(2023): None, np.int64(2024): None, np.int64(2025): None, np.int64(2026): None}"
USDJPY,MS_BOS,combined_regime,RANGING__NORMAL_VOL,25,40.0,0.069,1.0,66.7,True,"{np.int64(2023): -0.622, np.int64(2024): 0.898, np.int64(2025): 0.056, np.int64(2026): None}"
USDJPY,MS_BOS,combined_regime,WEAK_BEAR__EXPANSION,4,50.0,-0.028,1.2,0.0,False,"{np.int64(2023): None, np.int64(2024): None, np.int64(2025): None, np.int64(2026): None}"
USDJPY,MS_BOS,combined_regime,STRONG_BEAR__EXPANSION,3,33.33,-0.073,0.53,0.0,False,"{np.int64(2023): None, np.int64(2024): None, np.int64(2025): None, np.int64(2026): None}"
USDJPY,MS_BOS,combined_regime,STRONG_BEAR__HIGH_VOL,59,37.29,-0.087,0.88,25.0,True,"{np.int64(2023): 0.093, np.int64(2024): -0.144, np.int64(2025): -0.195, np.int64(2026): -0.014}"
USDJPY,MS_BOS,combined_regime,STRONG_BEAR__LOW_VOL,44,36.36,-0.097,0.95,33.3,True,"{np.int64(2023): -0.153, np.int64(2024): 0.516, np.int64(2025): -0.27, np.int64(2026): None}"
USDJPY,MS_BOS,combined_regime,CHOPPY__HIGH_VOL,77,38.96,-0.11,1.01,50.0,True,"{np.int64(2023): 0.198, np.int64(2024): -0.468, np.int64(2025): -0.433, np.int64(2026): 0.264}"
USDJPY,MS_BOS,combined_regime,CHOPPY__NORMAL_VOL,429,33.8,-0.162,0.76,0.0,True,"{np.int64(2023): -0.053, np.int64(2024): -0.109, np.int64(2025): -0.182, np.int64(2026): -0.468}"
USDJPY,MS_BOS,combined_regime,CHOPPY__LOW_VOL,228,33.77,-0.211,0.78,25.0,True,"{np.int64(2023): -0.277, np.int64(2024): 0.002, np.int64(2025): -0.428, np.int64(2026): -0.183}"
USDJPY,MS_BOS,combined_regime,WEAK_BULL__NORMAL_VOL,48,33.33,-0.233,0.78,25.0,True,"{np.int64(2023): -0.597, np.int64(2024): 0.504, np.int64(2025): -0.496, np.int64(2026): -0.335}"
USDJPY,MS_BOS,combined_regime,STRONG_BEAR__NORMAL_VOL,165,30.3,-0.243,0.7,0.0,True,"{np.int64(2023): -0.177, np.int64(2024): -0.145, np.int64(2025): -0.186, np.int64(2026): -0.855}"
USDJPY,MS_BOS,combined_regime,WEAK_BULL__LOW_VOL,35,37.14,-0.267,0.83,25.0,True,"{np.int64(2023): -0.4, np.int64(2024): -0.375, np.int64(2025): -0.245, np.int64(2026): 0.198}"
USDJPY,MS_BOS,combined_regime,STRONG_BULL__NORMAL_VOL,225,31.56,-0.281,0.67,25.0,True,"{np.int64(2023): -0.3, np.int64(2024): -0.32, np.int64(2025): 0.019, np.int64(2026): -0.698}"
USDJPY,MS_BOS,combined_regime,RANGING__LOW_VOL,41,31.71,-0.307,0.76,0.0,True,"{np.int64(2023): -0.154, np.int64(2024): -0.238, np.int64(2025): -0.063, np.int64(2026): -1.316}"
USDJPY,MS_BOS,combined_regime,WEAK_BULL__EXPANSION,6,33.33,-0.315,0.38,0.0,False,"{np.int64(2023): None, np.int64(2024): None, np.int64(2025): None, np.int64(2026): None}"
USDJPY,MS_BOS,combined_regime,STRONG_BULL__LOW_VOL,152,31.58,-0.32,0.61,0.0,True,"{np.int64(2023): -0.163, np.int64(2024): -0.48, np.int64(2025): -0.433, np.int64(2026): -0.247}"
USDJPY,MS_BOS,combined_regime,CHOPPY__EXPANSION,25,20.0,-0.426,0.34,33.3,True,"{np.int64(2023): -0.751, np.int64(2024): -0.548, np.int64(2025): 0.069, np.int64(2026): None}"
USDJPY,MS_BOS,combined_regime,WEAK_BEAR__LOW_VOL,13,30.77,-0.441,0.65,0.0,False,"{np.int64(2023): -0.234, np.int64(2024): None, np.int64(2025): None, np.int64(2026): None}"
USDJPY,MS_BOS,combined_regime,CHOPPY__CONTRACTION,43,27.91,-0.459,0.69,25.0,True,"{np.int64(2023): 0.22, np.int64(2024): -0.578, np.int64(2025): -0.548, np.int64(2026): -0.525}"
USDJPY,MS_BOS,combined_regime,STRONG_BULL__CONTRACTION,36,27.78,-0.475,0.67,0.0,True,"{np.int64(2023): None, np.int64(2024): -0.495, np.int64(2025): -0.288, np.int64(2026): -0.347}"
USDJPY,MS_BOS,combined_regime,RANGING__CONTRACTION,14,21.43,-0.635,0.26,0.0,False,"{np.int64(2023): None, np.int64(2024): None, np.int64(2025): None, np.int64(2026): -0.815}"
USDJPY,MS_BOS,combined_regime,WEAK_BEAR__HIGH_VOL,7,14.29,-0.658,0.5,0.0,False,"{np.int64(2023): None, np.int64(2024): None, np.int64(2025): None, np.int64(2026): None}"
USDJPY,MS_BOS,combined_regime,WEAK_BEAR__NORMAL_VOL,28,10.71,-0.791,0.13,0.0,True,"{np.int64(2023): -0.504, np.int64(2024): -1.115, np.int64(2025): -0.906, np.int64(2026): None}"
USDJPY,MS_BOS,combined_regime,STRONG_BEAR__CONTRACTION,4,0.0,-1.181,0.0,0.0,False,"{np.int64(2023): None, np.int64(2024): None, np.int64(2025): None, np.int64(2026): None}"
USDJPY,MS_BOS,session,OVERLAP,406,33.74,-0.176,0.76,0.0,True,"{np.int64(2023): -0.167, np.int64(2024): -0.094, np.int64(2025): -0.19, np.int64(2026): -0.292}"
USDJPY,MS_BOS,session,NY_LATE,662,35.2,-0.2,0.79,0.0,True,"{np.int64(2023): -0.082, np.int64(2024): -0.283, np.int64(2025): -0.199, np.int64(2026): -0.263}"
USDJPY,MS_BOS,session,ASIAN,1,0.0,-0.206,0.0,0.0,False,"{np.int64(2023): None, np.int64(2024): None, np.int64(2025): None, np.int64(2026): None}"
USDJPY,MS_BOS,session,LONDON,726,31.54,-0.249,0.76,0.0,True,"{np.int64(2023): -0.233, np.int64(2024): -0.128, np.int64(2025): -0.275, np.int64(2026): -0.459}"
USDJPY,MS_BOS,day_of_week,Thursday,390,34.62,-0.162,0.79,0.0,True,"{np.int64(2023): -0.158, np.int64(2024): -0.289, np.int64(2025): -0.111, np.int64(2026): -0.056}"
USDJPY,MS_BOS,day_of_week,Tuesday,359,35.38,-0.162,0.82,0.0,True,"{np.int64(2023): -0.123, np.int64(2024): -0.061, np.int64(2025): -0.11, np.int64(2026): -0.495}"
USDJPY,MS_BOS,day_of_week,Wednesday,361,32.96,-0.216,0.73,0.0,True,"{np.int64(2023): -0.141, np.int64(2024): -0.171, np.int64(2025): -0.268, np.int64(2026): -0.341}"
USDJPY,MS_BOS,day_of_week,Monday,343,33.53,-0.233,0.77,0.0,True,"{np.int64(2023): -0.219, np.int64(2024): -0.207, np.int64(2025): -0.167, np.int64(2026): -0.449}"
USDJPY,MS_BOS,day_of_week,Friday,342,30.12,-0.308,0.74,0.0,True,"{np.int64(2023): -0.164, np.int64(2024): -0.147, np.int64(2025): -0.501, np.int64(2026): -0.464}"
USDJPY,MS_BOS,spread_bucket,Medium (1.0-1.5p),238,36.97,-0.073,0.91,0.0,True,"{np.int64(2023): None, np.int64(2024): None, np.int64(2025): -0.073, np.int64(2026): None}"
USDJPY,MS_BOS,spread_bucket,Low (<=1.0p),1554,32.88,-0.235,0.75,0.0,True,"{np.int64(2023): -0.16, np.int64(2024): -0.177, np.int64(2025): -0.35, np.int64(2026): -0.348}"
USDJPY,MS_BOS,spread_bucket,High (>1.5p),3,0.0,-0.734,0.0,0.0,False,"{np.int64(2023): None, np.int64(2024): None, np.int64(2025): None, np.int64(2026): None}"
USDJPY,MS_BOS,htf_alignment,OPPOSED,383,35.25,-0.134,0.84,0.0,True,"{np.int64(2023): -0.128, np.int64(2024): -0.051, np.int64(2025): -0.115, np.int64(2026): -0.309}"
USDJPY,MS_BOS,htf_alignment,NEUTRAL,597,33.0,-0.214,0.78,0.0,True,"{np.int64(2023): -0.111, np.int64(2024): -0.196, np.int64(2025): -0.223, np.int64(2026): -0.406}"
USDJPY,MS_BOS,htf_alignment,ALIGNED,815,32.76,-0.252,0.73,0.0,True,"{np.int64(2023): -0.207, np.int64(2024): -0.221, np.int64(2025): -0.281, np.int64(2026): -0.33}"
USDJPY,MS_BOS,direction_label,LONG,1026,34.8,-0.202,0.81,0.0,True,"{np.int64(2023): -0.15, np.int64(2024): -0.2, np.int64(2025): -0.204, np.int64(2026): -0.28}"
USDJPY,MS_BOS,direction_label,SHORT,769,31.47,-0.231,0.73,0.0,True,"{np.int64(2023): -0.174, np.int64(2024): -0.146, np.int64(2025): -0.248, np.int64(2026): -0.47}"
